MCS,class,num,smarts
C(C)CCC,57,230,[#6](-[#6])-[#6]-[#6]-[#6]
CCC(C1CCCCC1)CC,207,82,[#6]-[#6]-[#6](-[#6]-1-[#6]-[#6]-[#6]-[#6]-[#6]-1)-[#6]-[#6]
C(C1CCCCC1)C(CC)CC,181,76,[#6](-[#6]-1-[#6]-[#6]-[#6]-[#6]-[#6]-1)-[#6](-[#6]-[#6])-[#6]-[#6]
C1CC2CCC3C(CCC4CCCCC34)C2C1,154,58,[#6]-1-[#6]-[#6]-2-[#6]-[#6]-[#6]-3-[#6](-[#6]-2-[#6]-1)-[#6]-[#6]-[#6]-1-[#6]-[#6]-[#6]-[#6]-[#6]-3-1
C1CC2CCCCC2C1,210,44,[#6]-1-[#6]-[#6]-2-[#6]-[#6]-[#6]-[#6]-[#6]-2-[#6]-1
C(CC1CCCCC1)C(CC)CC,397,44,[#6](-[#6](-[#6]-[#6])-[#6]-[#6])-[#6]-[#6]-1-[#6]-[#6]-[#6]-[#6]-[#6]-1
C1CCC2CCCCC2C1,211,30,[#6](-[#6]-[#6]-[#6]-[#6])-[#6]-[#6]-[#6]-[#6]-[#6]
C1CCC(C2CCCCC3CCCCC23)CC1,226,29,[#6]-1-[#6]-[#6]-[#6](-[#6]-[#6]-1)-[#6](-[#6](-[#6](-[#6]-[#6])-[#6]-[#6])-[#6]-[#6])-[#6]-[#6]
C1CCC2CC3CCCCC3CCC2C1,262,24,[#6]-1-[#6]-[#6]-[#6]-2-[#6]-[#6]-3-[#6]-[#6]-[#6]-[#6]-[#6]-3-[#6]-[#6]-[#6]-2-[#6]-1
C1CCC2CC3CCCCC3CC2C1,249,21,[#6]-1-[#6]-[#6]-[#6]-2-[#6]-[#6]-3-[#6]-[#6]-[#6]-[#6]-[#6]-3-[#6]-[#6]-2-[#6]-1
C(CC1CC2CCCCC12)CC1CCCC1,407,16,[#6](-[#6]-[#6](-[#6]-[#6])-[#6]-[#6])-[#6]-[#6]-1-[#6]-[#6]-2-[#6]-[#6]-[#6]-[#6]-[#6]-1-2
CCC(C1CCC2CCCCC2C1)CC,264,16,[#6]-[#6]-[#6](-[#6]-1-[#6]-[#6]-[#6]-2-[#6]-[#6]-[#6]-[#6]-[#6]-2-[#6]-1)-[#6]-[#6]
C(CC1CCCCC1)CC(CC)CC,399,15,[#6](-[#6]-[#6]-1-[#6]-[#6]-[#6]-[#6]-[#6]-1)-[#6]-[#6](-[#6]-[#6])-[#6]-[#6]
C1CC(C(CC)CC)C2CCCCC12,230,15,[#6]-[#6]-[#6](-[#6]-1-[#6]-[#6]-[#6](-[#6]-1-[#6]-[#6])-[#6]-[#6])-[#6]-[#6]
C(CC1CCC2CCCCC2C1)C(CC)CC,393,14,[#6](-[#6](-[#6]-[#6])-[#6]-[#6])-[#6]-[#6]-1-[#6]-[#6]-[#6]-2-[#6]-[#6]-[#6]-[#6]-[#6]-2-[#6]-1
C(CCC1CCCCC1)CCC(CC)CC,401,12,[#6](-[#6]-[#6]-[#6]-1-[#6]-[#6]-[#6]-[#6]-[#6]-1)-[#6]-[#6]-[#6](-[#6]-[#6])-[#6]-[#6]
C(C1CCCCC1)C1CCCC(CC2CCCCC2)C1,499,12,[#6](-[#6]-1-[#6]-[#6]-[#6]-[#6](-[#6]-1)-[#6]-[#6]-1-[#6]-[#6]-[#6]-[#6]-[#6]-1)-[#6]-1-[#6]-[#6]-[#6]-[#6]-[#6]-1
C(CC1CC2CC(CCC3CCCC3)CCC12)CC(CC)CC,390,12,[#6](-[#6]-[#6](-[#6]-[#6])-[#6]-[#6])-[#6]-[#6]-1-[#6]-[#6]-2-[#6]-[#6](-[#6]-[#6]-[#6]-1-2)-[#6]-[#6]-[#6](-[#6]-[#6])-[#6]-[#6]
C(CC(CC)CC)C(C1CCCCC1)C(CC)CC,492,11,[#6](-[#6](-[#6]-1-[#6]-[#6]-[#6]-[#6]-[#6]-1)-[#6](-[#6]-[#6])-[#6]-[#6])-[#6]-[#6](-[#6]-[#6])-[#6]-[#6]
C1CCC2CC3CC4CCCCC4CC3CC2C1,248,11,[#6]-1-[#6]-[#6]-[#6]-2-[#6]-[#6]-3-[#6]-[#6]-4-[#6]-[#6]-[#6]-[#6]-[#6]-4-[#6]-[#6]-3-[#6]-[#6]-2-[#6]-1
C(C(C1CCCCC1)C1CCCCC1)C(CC)CC,473,11,[#6](-[#6](-[#6]-[#6])-[#6]-[#6])-[#6](-[#6]-1-[#6]-[#6]-[#6]-[#6]-[#6]-1)-[#6]-1-[#6]-[#6]-[#6]-[#6]-[#6]-1
C(CCC(CC)CC)CC1CCCCC1,402,10,[#6](-[#6]-[#6](-[#6]-[#6])-[#6]-[#6])-[#6]-[#6]-[#6]-1-[#6]-[#6]-[#6]-[#6]-[#6]-1
C1C2CCCC3CC4CCCC5(C1CCCC45)C23,270,10,[#6]-1-[#6]-2-[#6]-[#6]-[#6]-[#6]-3-[#6]-[#6]-4-[#6]-[#6]-[#6]-[#6]-5(-[#6]-2-3)-[#6]-1-[#6]-[#6]-[#6]-[#6]-4-5
C(CC1CCCC2CCCC12)C(CC)CC,161,10,[#6](-[#6](-[#6]-[#6])-[#6]-[#6])-[#6]-[#6]-1-[#6]-[#6]-[#6]-[#6]-2-[#6]-[#6]-[#6]-[#6]-1-2
C1C(C(CC)CC)CC2CCCCC12,251,10,[#6]-[#6]-[#6](-[#6]-1-[#6]-[#6]-2-[#6]-[#6]-[#6]-[#6]-[#6]-2-[#6]-1)-[#6]-[#6]
C(C1CCC2CCCCC12)C(CC)CC,185,10,[#6](-[#6]-1-[#6]-[#6]-[#6]-2-[#6]-[#6]-[#6]-[#6]-[#6]-1-2)-[#6](-[#6]-[#6])-[#6]-[#6]
C(CCCC1CCCCC1)CCC(CC)CC,400,9,[#6](-[#6]-[#6]-[#6](-[#6]-[#6])-[#6]-[#6])-[#6]-[#6]-[#6]-[#6]-1-[#6]-[#6]-[#6]-[#6]-[#6]-1
C(CC1CCCCC1)CC1C2CCCCC2CC2CCCCC12,444,9,[#6](-[#6]-[#6]-1-[#6]-2-[#6]-[#6]-[#6]-[#6]-[#6]-2-[#6]-[#6]-2-[#6]-[#6]-[#6]-[#6]-[#6]-1-2)-[#6]-[#6]-1-[#6]-[#6]-[#6]-[#6]-[#6]-1
C(C(CC)CC)C1CCC2CCCC2C1,200,9,[#6](-[#6]-1-[#6]-[#6]-[#6]-2-[#6]-[#6]-[#6]-[#6]-2-[#6]-1)-[#6](-[#6]-[#6])-[#6]-[#6]
C(CCCCC1CCCCC1)CCCCCCCC,373,9,[#6](-[#6]-[#6]-[#6]-[#6]-[#6]-[#6]-[#6]-[#6]-[#6])-[#6]-[#6]-[#6]-[#6]-1-[#6]-[#6]-[#6]-[#6]-[#6]-1
C1CC2CCC(C3CCCCC3)C3CCCC3C2C1,115,8,[#6]-1-[#6]-[#6]-2-[#6]-[#6]-[#6](-[#6](-[#6](-[#6]-2-[#6]-1)-[#6])-[#6]-[#6])-[#6]-1-[#6]-[#6]-[#6]-[#6]-[#6]-1
C(CC1CC2CCCC12)CC(CC)CC,408,8,[#6](-[#6]-[#6](-[#6]-[#6])-[#6]-[#6])-[#6]-[#6]-1-[#6]-[#6]-2-[#6]-[#6]-[#6]-[#6]-1-2
C(C(CC)CC)C1CCC2CCCCC2C1,199,8,[#6](-[#6]-1-[#6]-[#6]-[#6]-2-[#6]-[#6]-[#6]-[#6]-[#6]-2-[#6]-1)-[#6](-[#6]-[#6])-[#6]-[#6]
C1CC(C2CCCCC2)C(C2CCCCC2)C1,227,7,[#6]-1-[#6]-[#6](-[#6](-[#6]-1)-[#6]-1-[#6]-[#6]-[#6]-[#6]-[#6]-1)-[#6]-1-[#6]-[#6]-[#6]-[#6]-[#6]-1
CCC(C(C1CCCCC1)C1CCCCC1)CC,484,7,[#6]-[#6]-[#6](-[#6](-[#6]-1-[#6]-[#6]-[#6]-[#6]-[#6]-1)-[#6]-1-[#6]-[#6]-[#6]-[#6]-[#6]-1)-[#6]-[#6]
C1CC1C1CCCC2CCC(C(CC)CC)CC12,237,7,[#6]-1-[#6]-[#6]-1-[#6]-1-[#6]-[#6]-[#6]-[#6]-2-[#6]-[#6]-[#6](-[#6]-[#6]-1-2)-[#6](-[#6]-[#6])-[#6]-[#6]
C(C1CCCCC1)C1CCCC2CC3CC4CCCCC4CC3CC12,513,7,[#6](-[#6]-1-[#6]-[#6]-[#6]-[#6]-2-[#6]-[#6]-3-[#6]-[#6]-4-[#6]-[#6]-[#6]-[#6]-[#6]-4-[#6]-[#6]-3-[#6]-[#6]-1-2)-[#6]-1-[#6]-[#6]-[#6]-[#6]-[#6]-1
C(C1CCCCC1)C1CCCC2CCCCC12,189,6,[#6](-[#6]-1-[#6]-[#6]-[#6]-[#6]-2-[#6]-[#6]-[#6]-[#6]-[#6]-1-2)-[#6]-1-[#6]-[#6]-[#6]-[#6]-[#6]-1
C1CCC(C2CC3CCCCC3CC(C)C2CC)CC1,128,6,[#6]-[#6]-[#6]-1-[#6](-[#6]-2-[#6]-[#6]-[#6]-[#6]-[#6]-2)-[#6]-[#6]-2-[#6]-[#6]-[#6]-[#6]-[#6]-2-[#6]-[#6]-1-[#6]
C1CCC2C(C1)CCC1CCCCC21,231,6,[#6]-1-[#6]-[#6]-[#6]-2-[#6](-[#6]-[#6]-[#6]-3-[#6]-[#6]-[#6]-[#6]-[#6]-3-2)-[#6]-1
C(CCCCCCC1CCCCC1)CCC1CCCCC1,527,6,[#6](-[#6]-[#6]-[#6](-[#6])-[#6]-[#6]-[#6]-[#6])-[#6]-[#6]-[#6]-[#6]-[#6]-[#6]-[#6]-[#6]-[#6]-[#6]-[#6]-[#6]
C1CC2CC3CCCCC3C3CCCC1C23,221,6,[#6]-1-[#6]-[#6]-2-[#6]-[#6]-3-[#6]-[#6]-[#6]-[#6]-[#6]-3-[#6]-3-[#6]-[#6]-[#6]-[#6]-1-[#6]-2-3
C(CC1CCCCC1)C1CC2CCCCC2C1,585,6,[#6](-[#6]-1-[#6]-[#6]-2-[#6]-[#6]-[#6]-[#6]-[#6]-2-[#6]-1)-[#6]-[#6]-1-[#6]-[#6]-[#6]-[#6]-[#6]-1
C(CC(CC)CC)CC1CCC(CC(CC)CC)CC1,574,5,[#6](-[#6]-[#6]-1-[#6]-[#6]-[#6](-[#6]-[#6]-1)-[#6]-[#6](-[#6]-[#6])-[#6]-[#6])-[#6]-[#6](-[#6]-[#6])-[#6]-[#6]
C(C1CCCCC1)C1CCC(CC2CCC(CC3CCC4C(CCC5C6CCC(C7CCCC7)C6CCC45)C3)CC2)CC1,326,5,[#6](-[#6]-1-[#6]-[#6]-[#6](-[#6]-[#6]-1)-[#6]-[#6]-1-[#6]-[#6]-[#6](-[#6]-[#6]-1)-[#6]-[#6]-1-[#6]-[#6]-[#6]-2-[#6](-[#6]-1)-[#6]-[#6]-[#6]-1-[#6]-3-[#6]-[#6]-[#6](-[#6]-3-[#6]-[#6]-[#6]-2-1)-[#6]-1-[#6]-[#6]-[#6]-[#6]-1)-[#6]-1-[#6]-[#6]-[#6]-[#6]-[#6]-1
C1CC1C1CCCCC1,209,5,[#6]-[#6](-[#6]-1-[#6]-[#6]-[#6]-[#6]-[#6]-1)-[#6]
C1CCC(C2CCCCC2)(C2CCCCC2)C1,79,5,[#6]-[#6]-[#6](-[#6]-1-[#6]-[#6]-[#6]-[#6]-[#6]-1)(-[#6]-1-[#6]-[#6]-[#6]-[#6]-[#6]-1)-[#6]-[#6]
C(CCCC1CCCCC1)CCC1CCC2CCCC12,383,5,[#6](-[#6]-[#6]-[#6]-1-[#6]-[#6]-[#6](-[#6]-1-[#6]-[#6])-[#6])-[#6]-[#6]-[#6]-[#6]-1-[#6]-[#6]-[#6]-[#6]-[#6]-1
C(CC1CCCC1C(CCC)C)C1CC2CCCC12,163,5,[#6](-[#6]-1-[#6]-[#6]-2-[#6]-[#6]-[#6]-[#6]-1-2)-[#6]-[#6](-[#6](-[#6](-[#6]-[#6]-[#6])-[#6])-[#6])-[#6]-[#6]
C1C(C(CC)CC)CC2C1CCC1C2CCC2CCC(C3CCCCC3)CC12,121,5,[#6]-[#6]-[#6](-[#6]-1-[#6]-[#6]-2-[#6]-[#6]-[#6]-3-[#6](-[#6]-2-[#6]-1)-[#6]-[#6]-[#6]-1-[#6]-[#6]-[#6](-[#6]-[#6]-3-1)-[#6]-1-[#6]-[#6]-[#6]-[#6]-[#6]-1)-[#6]-[#6]
C1CC2CC3C(CCC4C3CCC3CCCCC43)C2C1,153,5,[#6]-1-[#6]-[#6]-2-[#6]-[#6]-3-[#6](-[#6]-2-[#6]-1)-[#6]-[#6]-[#6]-1-[#6]-3-[#6]-[#6]-[#6]-2-[#6]-[#6]-[#6]-[#6]-[#6]-2-1
C(CC1CCCCCCCCCCCCCCCCCCCC2CCCC(C2)CCC2CCCCC2CC1)C1CCCCC1,296,5,[#6](-[#6]-1-[#6]-[#6]-[#6]-[#6]-[#6]-1)-[#6]-[#6]-1-[#6]-[#6]-[#6]-[#6]-[#6]-[#6]-[#6]-[#6]-[#6]-[#6]-[#6]-[#6]-[#6]-[#6]-[#6]-[#6]-[#6]-[#6]-[#6]-[#6]-2-[#6]-[#6]-[#6]-[#6](-[#6]-[#6]-[#6]-3-[#6]-[#6]-[#6]-[#6]-[#6]-3-[#6]-[#6]-1)-[#6]-2
C1CC23C(CC4CCC(C5CC6CCCC(C6)CCC6C7CCCCC7CC56)CC24)CCC2CCCC1C32,308,4,[#6]-1-[#6]-[#6]-2-3-[#6](-[#6]-[#6]-[#6]-4-[#6]-[#6]-[#6]-[#6]-1-[#6]-4-3)-[#6]-[#6]-1-[#6]-[#6]-[#6](-[#6]-[#6]-2-1)-[#6]-1-[#6]-[#6]-2-[#6]-[#6]-[#6]-[#6](-[#6]-[#6]-[#6]-3-[#6]-4-[#6]-[#6]-[#6]-[#6]-[#6]-4-[#6]-[#6]-1-3)-[#6]-2
C(CC1CCCC1)CC1CCC2CCCCC2C1,552,4,[#6](-[#6]-[#6]-1-[#6]-[#6]-[#6]-2-[#6]-[#6]-[#6]-[#6]-[#6]-2-[#6]-1)-[#6]-[#6](-[#6]-[#6])-[#6]-[#6]
C1CCC2C(C1)CC1CCCCC1C(CCC)C2,139,4,[#6](-[#6])-[#6]-[#6]-1-[#6]-[#6]-2-[#6]-[#6]-[#6]-[#6]-[#6]-2-[#6]-[#6]-2-[#6]-[#6]-[#6]-[#6]-[#6]-2-1
C1CC2CCCC2C1,60,4,[#6]-1-[#6]-[#6]-2-[#6]-[#6]-[#6]-[#6]-2-[#6]-1
C1CC2CCCC12,61,4,[#6]-1-[#6]-[#6]-2-[#6]-[#6]-[#6]-[#6]-1-2
C1CCC(C2C(CC)C(C)CCC3CCCCC23)CC1,106,4,[#6]-[#6]-[#6]-1-[#6](-[#6]-2-[#6]-[#6]-[#6]-[#6]-[#6]-2)-[#6]-2-[#6]-[#6]-[#6]-[#6]-[#6]-2-[#6]-[#6]-[#6]-1-[#6]
C(CC(CCC1CCCCC1)C1CCCCC1)CC1CC2CC(C1)C(CCC1CCCCC1)C1C3CCC3CCC1CC2,465,4,[#6](-[#6]-[#6]-1-[#6]-[#6]-2-[#6]-[#6](-[#6](-[#6]-3-[#6]-4-[#6]-[#6]-[#6]-4-[#6]-[#6]-[#6]-3-[#6]-[#6]-2)-[#6]-[#6]-[#6]-2-[#6]-[#6]-[#6]-[#6]-[#6]-2)-[#6]-1)-[#6]-[#6](-[#6]-1-[#6]-[#6]-[#6]-[#6]-[#6]-1)-[#6]-[#6]-[#6]-1-[#6]-[#6]-[#6]-[#6]-[#6]-1
C(CCC1CCC(CCCCC)CC1)CC(CC)CC,541,4,[#6](-[#6]-[#6](-[#6]-[#6])-[#6]-[#6])-[#6]-[#6]-[#6](-[#6]-[#6]-[#6]-[#6]-[#6]-[#6]-[#6]-[#6])-[#6]-[#6]
C(CC1CCC(C2CCCCC2)CC1)C(C1CCCCC1)C1CCCCC1,488,4,[#6](-[#6](-[#6]-1-[#6]-[#6]-[#6]-[#6]-[#6]-1)-[#6]-1-[#6]-[#6]-[#6]-[#6]-[#6]-1)-[#6]-[#6]-1-[#6]-[#6]-[#6](-[#6]-[#6]-1)-[#6]-1-[#6]-[#6]-[#6]-[#6]-[#6]-1
C(C1CCCC1)C1CCC(C2CCCCC2C2CCCC2)CC1,348,4,[#6](-[#6]-1-[#6]-[#6]-[#6](-[#6]-[#6]-1)-[#6]-1-[#6]-[#6]-[#6]-[#6]-[#6]-1-[#6]-1-[#6]-[#6]-[#6]-[#6]-1)-[#6](-[#6]-[#6])-[#6]-[#6]
C(C1CCCC1)C1CC2CCC2C1,178,4,[#6](-[#6]-1-[#6]-[#6]-2-[#6]-[#6]-[#6]-2-[#6]-1)-[#6]-1-[#6]-[#6]-[#6]-[#6]-1
C(CC1CC2CC(CC3CCCC3)CCC12)CC1CCCC1,535,4,[#6](-[#6]-[#6]-1-[#6]-[#6]-[#6]-[#6]-1)-[#6]-[#6]-1-[#6]-[#6]-2-[#6]-[#6](-[#6]-[#6]-[#6]-1-2)-[#6]-[#6](-[#6]-[#6])-[#6]-[#6]
C(C(CC(CC)CC)C1CCCCC1)C1CCCC1,478,4,[#6](-[#6]-1-[#6]-[#6]-[#6]-[#6]-1)-[#6](-[#6]-1-[#6]-[#6]-[#6]-[#6]-[#6]-1)-[#6]-[#6](-[#6]-[#6])-[#6]-[#6]
C(C1CCCCC1)C1CCCCCCCCCCCC(CC2CCCCC2)C1,498,4,[#6](-[#6](-[#6]-[#6](-[#6]-[#6]-1-[#6]-[#6]-[#6]-[#6]-[#6]-1)-[#6]-[#6]-[#6]-[#6])-[#6]-[#6]-[#6]-[#6]-[#6]-[#6]-[#6])-[#6]-1-[#6]-[#6]-[#6]-[#6]-[#6]-1
C(CC(C1CCCC1)C1CCCC1)CC(CC)CC,491,4,[#6](-[#6]-[#6](-[#6]-[#6])-[#6]-[#6])-[#6]-[#6](-[#6](-[#6]-[#6])-[#6]-[#6])-[#6](-[#6]-[#6])-[#6]-[#6]
C(CCC1CCC(C(C2CCCCC2)C2CCCCC2)CC1)CCCCCC,482,4,[#6](-[#6]-[#6]-1-[#6]-[#6]-[#6](-[#6]-[#6]-1)-[#6](-[#6]-1-[#6]-[#6]-[#6]-[#6]-[#6]-1)-[#6]-1-[#6]-[#6]-[#6]-[#6]-[#6]-1)-[#6]-[#6]-[#6]-[#6]-[#6]-[#6]-[#6]
C1CCC(C2CCCC3CCCCC23)CC1,229,4,[#6]-1-[#6]-[#6]-[#6](-[#6]-[#6]-1)-[#6]-1-[#6]-[#6]-[#6]-[#6]-[#6]-[#6]-[#6]-[#6]-[#6]-1
C(CCC1CCCCC1)CCC1CCCC(C)C1CC,381,4,[#6](-[#6]-[#6]-[#6]-1-[#6]-[#6]-[#6]-[#6](-[#6]-1-[#6]-[#6])-[#6])-[#6]-[#6]-[#6]-1-[#6]-[#6]-[#6]-[#6]-[#6]-1
C1CC2CC3CCCCC3CC2C1,250,4,[#6]-1-[#6]-[#6]-2-[#6]-[#6]-3-[#6]-[#6]-[#6]-[#6]-[#6]-3-[#6]-[#6]-2-[#6]-1
C(CC1CCC(CC2CCCCC2)CC1)C1CCCC1,573,4,[#6](-[#6](-[#6]-[#6])-[#6]-[#6])-[#6]-[#6]-1-[#6]-[#6]-[#6](-[#6]-[#6]-1)-[#6]-[#6]-1-[#6]-[#6]-[#6]-[#6]-[#6]-1
C(C1CC1)C1CCC23C4CC5CCCC(CC1C2CCC4)C35,271,4,[#6](-[#6]-1-[#6]-[#6]-[#6]-2-3-[#6]-4-[#6]-[#6]-5-[#6]-[#6]-[#6]-[#6](-[#6]-3-5)-[#6]-[#6]-1-[#6]-2-[#6]-[#6]-[#6]-4)-[#6](-[#6])-[#6]
C(CC1CCC2CCCC2C1)C1CCCC1,394,4,[#6](-[#6](-[#6]-[#6])-[#6]-[#6])-[#6]-[#6]-1-[#6]-[#6]-[#6]-2-[#6]-[#6]-[#6]-[#6]-2-[#6]-1
C(CC1CCCC2CCCCC12)C(CC)CC,160,4,[#6](-[#6](-[#6]-[#6])-[#6]-[#6])-[#6]-[#6]-1-[#6]-[#6]-[#6]-[#6]-2-[#6]-[#6]-[#6]-[#6]-[#6]-1-2
C(CC1CCCCC1)CC1CC2CCC(C2)C1,405,3,[#6](-[#6]-[#6]-1-[#6]-[#6]-2-[#6]-[#6]-[#6](-[#6]-1)-[#6]-2)-[#6]-[#6]-1-[#6]-[#6]-[#6]-[#6]-[#6]-1
C(CC1CCCCC1)CC1CCC(C2CCCCC2)CC1,576,3,[#6](-[#6]-[#6]-1-[#6]-[#6]-[#6](-[#6]-[#6]-1)-[#6]-1-[#6]-[#6]-[#6]-[#6]-[#6]-1)-[#6]-[#6]-1-[#6]-[#6]-[#6]-[#6]-[#6]-1
CCC(C)C,38,3,[#6]-[#6]-[#6](-[#6])-[#6]
C(CC1CCC(C2CCC(C3CCC(C4CCCC4)CC3)CC2)CC1)C1CCC(CC2CCCC2)(C2CCCCC2)C1,328,3,[#6](-[#6]-1-[#6]-[#6]-[#6](-[#6]-1)(-[#6]-1-[#6]-[#6]-[#6]-[#6]-[#6]-1)-[#6]-[#6]-1-[#6]-[#6]-[#6]-[#6]-1)-[#6]-[#6]-1-[#6]-[#6]-[#6](-[#6]-[#6]-1)-[#6]-1-[#6]-[#6]-[#6](-[#6]-[#6]-1)-[#6]-1-[#6]-[#6]-[#6](-[#6]-[#6]-1)-[#6]-1-[#6]-[#6]-[#6]-[#6]-1
C1CC1C1CCCC2CCCC12,233,3,[#6]-1-[#6]-[#6]-2-[#6]-[#6]-[#6]-[#6](-[#6]-2-[#6]-1)-[#6]-[#6]-[#6]
C(CC(CC)CCC)C1CC2CCCC12,406,3,[#6](-[#6]-1-[#6]-[#6]-2-[#6]-[#6]-[#6]-[#6]-1-2)-[#6]-[#6](-[#6]-[#6])-[#6]-[#6]-[#6]
C1CC2CC3CCC4C5CCCC5CCC4C3CC2C1,243,3,[#6]-1-[#6]-[#6]-2-[#6]-[#6]-3-[#6]-[#6]-[#6]-4-[#6]-5-[#6]-[#6]-[#6]-[#6]-5-[#6]-[#6]-[#6]-4-[#6]-3-[#6]-[#6]-2-[#6]-1
C(CC1CCCC(CC(CC)CCC2CCCCC2)C1)C1CCC(CC2CCCCC2)CC1,602,3,[#6](-[#6]-1-[#6]-[#6]-[#6](-[#6]-[#6]-1)-[#6]-[#6]-1-[#6]-[#6]-[#6]-[#6]-[#6]-1)-[#6]-[#6]-1-[#6]-[#6]-[#6]-[#6](-[#6]-1)-[#6]-[#6](-[#6]-[#6]-[#6]-1-[#6]-[#6]-[#6]-[#6]-[#6]-1)-[#6]-[#6]
C1CC2CCCC3CCC4CCC23C(C1)C4,78,3,[#6]-1-[#6]-[#6]-2-[#6]-[#6]-[#6]-[#6]-3-[#6]-[#6]-[#6]-4-[#6]-[#6]-[#6]-2-3-[#6](-[#6]-4)-[#6]-1
C(CCCCCCCC1CCCCC1)CCCCCCCCCC,372,3,[#6](-[#6]-[#6]-[#6]-[#6]-[#6]-[#6]-1-[#6]-[#6]-[#6]-[#6]-[#6]-1)-[#6]-[#6]-[#6]-[#6]-[#6]-[#6]-[#6]-[#6]-[#6]-[#6]-[#6]-[#6]
C(CCC1CCC(CCCCC2CCCCC2)CC1)CC(CC)CC,605,3,[#6](-[#6]-[#6](-[#6]-[#6])-[#6]-[#6])-[#6]-[#6]-[#6]-1-[#6]-[#6]-[#6](-[#6]-[#6]-1)-[#6]-[#6]-[#6]-[#6]-[#6]-1-[#6]-[#6]-[#6]-[#6]-[#6]-1
C(CCC1CCCCC1C1CCCCC1)CC1CCCCC1,379,3,[#6](-[#6]-[#6]-1-[#6]-[#6]-[#6]-[#6]-[#6]-1)-[#6]-[#6]-[#6]-1-[#6]-[#6]-[#6]-[#6]-[#6]-1-[#6]-1-[#6]-[#6]-[#6]-[#6]-[#6]-1
C(CC1CCC2CC3CCC4CCCC(C34)C2C1)C1CC2C3CCCC3CC(CC3CCCCC3)C2C1,322,3,[#6](-[#6]-1-[#6]-[#6]-2-[#6]-3-[#6]-[#6]-[#6]-[#6]-3-[#6]-[#6](-[#6]-2-[#6]-1)-[#6]-[#6]-1-[#6]-[#6]-[#6]-[#6]-[#6]-1)-[#6]-[#6]-1-[#6]-[#6]-[#6]-2-[#6]-[#6]-3-[#6]-[#6]-[#6]-4-[#6]-[#6]-[#6]-[#6](-[#6]-2-[#6]-1)-[#6]-3-4
C(C(CC)CC)C1CCCC2CCCC12,187,3,[#6](-[#6]-1-[#6]-[#6]-[#6]-[#6]-2-[#6]-[#6]-[#6]-[#6]-1-2)-[#6](-[#6]-[#6])-[#6]-[#6]
C(C1CCCC2CCCCC12)C1CC2CCC1CC2,158,3,[#6](-[#6]-1-[#6]-[#6]-2-[#6]-[#6]-[#6]-1-[#6]-[#6]-2)-[#6]-1-[#6]-[#6]-[#6]-[#6]-2-[#6]-[#6]-[#6]-[#6]-[#6]-1-2
C1CCC2C(C1)CC1CCCC23CCCCC13,276,3,[#6]-1-[#6]-[#6]-[#6]-2-[#6](-[#6]-[#6]-3-[#6]-[#6]-[#6]-[#6]-2-2-[#6]-[#6]-[#6]-[#6]-[#6]-3-2)-[#6]-1
C(C1CCCCC1)C1CCCCC1C(CC)CC,188,3,[#6](-[#6]-1-[#6]-[#6]-[#6]-[#6]-[#6]-1-[#6](-[#6]-[#6])-[#6]-[#6])-[#6]-1-[#6]-[#6]-[#6]-[#6]-[#6]-1
C(CC1CCCCC1)CC1CCC(CC2C(C3CCCCC3)CC3CCCCC23)CC1,448,3,[#6](-[#6]-[#6]-1-[#6]-[#6]-[#6](-[#6]-[#6]-1)-[#6]-[#6]-1-[#6](-[#6]-[#6]-2-[#6]-[#6]-[#6]-[#6]-[#6]-1-2)-[#6]-1-[#6]-[#6]-[#6]-[#6]-[#6]-1)-[#6]-[#6](-[#6]-[#6])-[#6]-[#6]-[#6]
C1CCC(C2CCC3CCCC(C4CCCCC4)C3C2)CC1,236,3,[#6]-1-[#6]-[#6]-[#6](-[#6]-[#6]-1)-[#6]-1-[#6]-[#6]-[#6]-2-[#6]-[#6]-[#6]-[#6](-[#6]-2-[#6]-1)-[#6]-1-[#6]-[#6]-[#6]-[#6]-[#6]-1
C1C2CC3CC1CC(C2)C3,70,3,[#6]-1-[#6]-2-[#6]-[#6]-3-[#6]-[#6]-1-[#6]-[#6](-[#6]-3)-[#6]-2
C(CC1CCCC(C2CCCC2C2CCCCC2)C1)C1CCCCC1,438,3,[#6](-[#6]-1-[#6]-[#6]-[#6]-[#6]-[#6]-1)-[#6]-[#6]-1-[#6]-[#6]-[#6]-[#6](-[#6]-1)-[#6]-1-[#6]-[#6]-[#6]-[#6]-1-[#6]-1-[#6]-[#6]-[#6]-[#6]-[#6]-1
C1CC(C2CCCCC2)CC1C1CCCCC1,263,3,[#6]-1-[#6]-[#6](-[#6]-[#6]-1-[#6]-1-[#6]-[#6]-[#6]-[#6]-[#6]-1)-[#6]-1-[#6]-[#6]-[#6]-[#6]-[#6]-1
C(CCC1CCCCC1)CC1CC(C)C1CC,387,3,[#6](-[#6]-[#6]-1-[#6]-[#6](-[#6]-1-[#6]-[#6])-[#6])-[#6]-[#6]-[#6]-1-[#6]-[#6]-[#6]-[#6]-[#6]-1
C1C2CC3CCCCC3CC2C2CC3CCCCC3CC12,247,3,[#6]-1-[#6]-2-[#6]-[#6]-3-[#6]-[#6]-[#6]-[#6]-[#6]-3-[#6]-[#6]-2-[#6]-2-[#6]-[#6]-3-[#6]-[#6]-[#6]-[#6]-[#6]-3-[#6]-[#6]-1-2
CC(C)(C)C(C)(C)C(C)(C)C,48,3,[#6]-[#6](-[#6](-[#6](-[#6])(-[#6])-[#6])(-[#6])-[#6])(-[#6])-[#6]
C(CC1CC2CCCC12)C(CCC1CCCC1)C1CCCCC1,418,3,[#6](-[#6](-[#6]-1-[#6]-[#6]-[#6]-[#6]-[#6]-1)-[#6]-[#6]-[#6](-[#6]-[#6])-[#6]-[#6])-[#6]-[#6]-1-[#6]-[#6]-2-[#6]-[#6]-[#6]-[#6]-1-2
C(CCCCCCC)CCC1CCC(CCC2CCCCC2)CC1,608,3,[#6](-[#6]-[#6]-[#6]-[#6]-[#6]-[#6]-[#6])-[#6]-[#6]-[#6]-1-[#6]-[#6]-[#6](-[#6]-[#6]-1)-[#6]-[#6]-[#6]-1-[#6]-[#6]-[#6]-[#6]-[#6]-1
C(C1CCCC1)C1CCCC(C2CCCC2)C1,202,3,[#6](-[#6]-1-[#6]-[#6]-[#6]-[#6](-[#6]-1)-[#6](-[#6]-[#6])-[#6]-[#6])-[#6](-[#6]-[#6])-[#6]-[#6]
C(C1CCCCC1)C1CCCC(C2CCC3CCCC3C2)C1,204,3,[#6](-[#6]-1-[#6]-[#6]-[#6]-[#6](-[#6]-1)-[#6]-1-[#6]-[#6]-[#6]-2-[#6]-[#6]-[#6]-[#6]-2-[#6]-1)-[#6]-1-[#6]-[#6]-[#6]-[#6]-[#6]-1
C(CCCCCCCCC1CCC2CCCCC2C1CC1CCCCC1)CCCCCCCC1CCC2CCCCC2C1CCC,363,3,[#6](-[#6]-[#6]-[#6]-[#6]-[#6]-[#6]-1-[#6]-[#6]-[#6]-2-[#6]-[#6]-[#6]-[#6]-[#6]-2-[#6]-1-[#6]-[#6]-1-[#6]-[#6]-[#6]-[#6]-[#6]-1)-[#6]-[#6]-[#6]-[#6]-[#6]-[#6]-[#6]-[#6]-[#6]-[#6]-[#6]-[#6]-[#6]-[#6]-[#6]-[#6]-[#6]-[#6]-[#6]-[#6]-[#6]-[#6]-[#6]
C(CCC1CCC(C2CCC3CCCCC23)CC1)CC1CCCCC1,539,3,[#6](-[#6]-[#6]-1-[#6]-[#6]-[#6]-[#6]-[#6]-1)-[#6]-[#6]-[#6]-1-[#6]-[#6]-[#6](-[#6]-[#6]-1)-[#6]-1-[#6]-[#6]-[#6]-2-[#6]-[#6]-[#6]-[#6]-[#6]-1-2
C(CC(CC)CC)C1CCC(C2CCCCC2)C1,392,3,[#6](-[#6](-[#6]-[#6])-[#6]-[#6])-[#6]-[#6]-1-[#6]-[#6]-[#6](-[#6]-1)-[#6]-1-[#6]-[#6]-[#6]-[#6]-[#6]-1
C(CC1CCC(C)C(CC)C1)C1CCC(C2CCC3CCCCC23)CC1,342,3,[#6](-[#6]-1-[#6]-[#6]-[#6](-[#6]-[#6]-1)-[#6]-1-[#6]-[#6]-[#6]-2-[#6]-[#6]-[#6]-[#6]-[#6]-1-2)-[#6]-[#6]-1-[#6]-[#6]-[#6](-[#6](-[#6]-1)-[#6]-[#6])-[#6]
C(CC1CCCC1)C(CC(CC)CC)C1CCCCC1,476,2,[#6](-[#6](-[#6]-1-[#6]-[#6]-[#6]-[#6]-[#6]-1)-[#6]-[#6](-[#6]-[#6])-[#6]-[#6])-[#6]-[#6](-[#6]-[#6])-[#6]-[#6]
C(CCC1CC2CC(C1)C(CCC1CCCCC1)C1C3CCC3CCC1CC2)CC1CCCCC1,464,2,[#6](-[#6]-[#6]-1-[#6]-[#6]-[#6]-[#6]-[#6]-1)-[#6]-[#6]-[#6]-1-[#6]-[#6]-2-[#6]-[#6](-[#6](-[#6]-3-[#6]-4-[#6]-[#6]-[#6]-4-[#6]-[#6]-[#6]-3-[#6]-[#6]-2)-[#6]-[#6]-[#6]-2-[#6]-[#6]-[#6]-[#6]-[#6]-2)-[#6]-1
C1CC2CC(C3CCCCC3)C3C(CCC4CCCCC34)C2C1,113,2,[#6]-1-[#6]-[#6]-2-[#6]-[#6](-[#6]-3-[#6](-[#6]-2-[#6]-1)-[#6]-[#6]-[#6]-1-[#6]-[#6]-[#6]-[#6]-[#6]-3-1)-[#6]-1-[#6]-[#6]-[#6]-[#6]-[#6]-1
C(CC1CCCCC1)CC1CCC(CC(C2CCC3CCCCC23)C2CCCCC2)CC1,470,2,[#6](-[#6]-[#6]-1-[#6]-[#6]-[#6](-[#6]-[#6]-1)-[#6]-[#6](-[#6]-1-[#6]-[#6]-[#6]-[#6]-[#6]-1)-[#6]-1-[#6]-[#6]-[#6]-2-[#6]-[#6]-[#6]-[#6]-[#6]-1-2)-[#6]-[#6]-1-[#6]-[#6]-[#6]-[#6]-[#6]-1
C(C(CC(C)CCC1CCCCC1)C1CCCCC1)C1CCCC1,479,2,[#6](-[#6]-1-[#6]-[#6]-[#6]-[#6]-1)-[#6](-[#6]-1-[#6]-[#6]-[#6]-[#6]-[#6]-1)-[#6]-[#6](-[#6])-[#6]-[#6]-[#6]-1-[#6]-[#6]-[#6]-[#6]-[#6]-1
C(C1CCCC1)C1CCC2CC3CCCCC3C2C1,195,2,[#6](-[#6]-1-[#6]-[#6]-[#6]-2-[#6]-[#6]-3-[#6]-[#6]-[#6]-[#6]-[#6]-3-[#6]-2-[#6]-1)-[#6]-1-[#6]-[#6]-[#6]-[#6]-1
C(CC1CCCC1)C1CCCC1,396,2,[#6](-[#6]-1-[#6]-[#6]-[#6]-[#6]-1)-[#6]-[#6]-1-[#6]-[#6]-[#6]-[#6]-1
C(CC(C)C)CC1CCC(CC2CCCC3CCCCC23)CC1,170,2,[#6](-[#6]-[#6]-1-[#6]-[#6]-[#6](-[#6]-[#6]-1)-[#6]-[#6]-1-[#6]-[#6]-[#6]-[#6]-2-[#6]-[#6]-[#6]-[#6]-[#6]-1-2)-[#6]-[#6](-[#6])-[#6]
C(CC1CCC1)CC1CCCC1,398,2,[#6](-[#6]-[#6]-1-[#6]-[#6]-[#6]-[#6]-1)-[#6]-[#6]-1-[#6]-[#6]-[#6]-1
C(C1CCC2CCCCC2C1)C1C2CCCC2C(C2CCCCC2)C2CC3CCCC3CC12,135,2,[#6](-[#6]-1-[#6]-2-[#6]-[#6]-[#6]-[#6]-2-[#6](-[#6]-2-[#6]-[#6]-3-[#6]-[#6]-[#6]-[#6]-3-[#6]-[#6]-1-2)-[#6]-1-[#6]-[#6]-[#6]-[#6]-[#6]-1)-[#6]-1-[#6]-[#6]-[#6]-2-[#6]-[#6]-[#6]-[#6]-[#6]-2-[#6]-1
C(CC1CC(C2CCCC(C3CCCC3)C2)CCC1CC1CCCCC1)C1CCCCC1,422,2,[#6](-[#6]-1-[#6]-[#6]-[#6]-[#6]-[#6]-1)-[#6]-[#6]-1-[#6]-[#6](-[#6]-[#6]-[#6]-1-[#6]-[#6]-1-[#6]-[#6]-[#6]-[#6]-[#6]-1)-[#6]-1-[#6]-[#6]-[#6]-[#6](-[#6]-1)-[#6]-1-[#6]-[#6]-[#6]-[#6]-1
C(C1CCCCC1)C1CC(C2CCCCCC2)CC2CCCCC12,428,2,[#6](-[#6]-1-[#6]-[#6](-[#6]-[#6]-2-[#6]-[#6]-[#6]-[#6]-[#6]-1-2)-[#6]-1-[#6]-[#6]-[#6]-[#6]-[#6]-[#6]-1)-[#6]-1-[#6]-[#6]-[#6]-[#6]-[#6]-1
C(C1C2CCCC2C2CCCCC12)C1CCCCC1,142,2,[#6](-[#6]-1-[#6]-[#6]-[#6]-[#6]-[#6]-1)-[#6]-1-[#6](-[#6](-[#6]-2-[#6]-[#6]-[#6]-[#6]-[#6]-1-2)-[#6])-[#6]-[#6]
C(CC1CCCCC1)CC1CC(CC)C(C)CC1CC1CCCCC1,421,2,[#6](-[#6]-[#6]-1-[#6]-[#6](-[#6](-[#6]-[#6]-1-[#6]-[#6]-1-[#6]-[#6]-[#6]-[#6]-[#6]-1)-[#6])-[#6]-[#6])-[#6]-[#6]-1-[#6]-[#6]-[#6]-[#6]-[#6]-1
C(CC(CC)CC)C1CCC2C1CCC1C2CCC2CCCCC12,148,2,[#6](-[#6](-[#6]-[#6])-[#6]-[#6])-[#6]-[#6]-1-[#6]-[#6]-[#6]-2-[#6]-1-[#6]-[#6]-[#6]-1-[#6]-2-[#6]-[#6]-[#6]-2-[#6]-[#6]-[#6]-[#6]-[#6]-1-2
C(C1CC1)C1CCC(CC2CCCC(CC3CCCC4CCCCC34)C2)CC1,169,2,[#6](-[#6]-1-[#6]-[#6]-[#6](-[#6]-[#6]-1)-[#6]-[#6]-1-[#6]-[#6]-[#6]-[#6](-[#6]-1)-[#6]-[#6]-1-[#6]-[#6]-[#6]-[#6]-2-[#6]-[#6]-[#6]-[#6]-[#6]-1-2)-[#6]-1-[#6]-[#6]-1
C(CC1CC1)CC1(CCC2CC3CC4CC5CCCCC5CC4CCCCCC4CC4CCCCCC2C3)CC1,366,2,[#6](-[#6]-[#6]-1(-[#6]-[#6]-1)-[#6]-[#6]-[#6]-1-[#6]-[#6]-2-[#6]-[#6]-3-[#6]-[#6]-4-[#6]-[#6]-[#6]-[#6]-[#6]-4-[#6]-[#6]-3-[#6]-[#6]-[#6]-[#6]-[#6]-[#6]-3-[#6]-[#6]-3-[#6]-[#6]-[#6]-[#6]-[#6]-[#6]-1-[#6]-2)-[#6]-[#6]-1-[#6]-[#6]-1
C(CC1CC2CC(CCC3CCCC3)CCC12)C(CCC1CCCCC1)C1CCCCC1,417,2,[#6](-[#6](-[#6]-1-[#6]-[#6]-[#6]-[#6]-[#6]-1)-[#6]-[#6]-[#6]-1-[#6]-[#6]-[#6]-[#6]-[#6]-1)-[#6]-[#6]-1-[#6]-[#6]-2-[#6]-[#6](-[#6]-[#6]-[#6]-1-2)-[#6]-[#6]-[#6]-1-[#6]-[#6]-[#6]-[#6]-1
C(CC1CCCCC1)CC1CCC(C2CCCCC2)CC1C1CCCCC1,435,2,[#6](-[#6]-[#6]-1-[#6]-[#6]-[#6](-[#6]-[#6]-1-[#6]-1-[#6]-[#6]-[#6]-[#6]-[#6]-1)-[#6]-1-[#6]-[#6]-[#6]-[#6]-[#6]-1)-[#6]-[#6]-1-[#6]-[#6]-[#6]-[#6]-[#6]-1
C(CC1CCCCC1)CC1CC2CC(C1)C1CC21,176,2,[#6](-[#6]-[#6]-1-[#6]-[#6]-2-[#6]-[#6](-[#6]-3-[#6]-[#6]-3-2)-[#6]-1)-[#6]-[#6]-1-[#6]-[#6]-[#6]-[#6]-[#6]-1
C(C)CC1CC2C(CC1)C1C(CC2)C2CCCCC2CC1,151,2,[#6](-[#6])-[#6]-[#6]-1-[#6]-[#6]-[#6]-2-[#6](-[#6]-1)-[#6]-[#6]-[#6]-1-[#6]-3-[#6]-[#6]-[#6]-[#6]-[#6]-3-[#6]-[#6]-[#6]-2-1
C(C1CCC2CCCCC12)C1CCC(C2CCCCC2C2CCCC2)CC1,350,2,[#6](-[#6]-1-[#6]-[#6]-[#6](-[#6]-[#6]-1)-[#6]-1-[#6]-[#6]-[#6]-[#6]-[#6]-1-[#6]-1-[#6]-[#6]-[#6]-[#6]-1)-[#6](-[#6]-1-[#6]-[#6]-[#6]-[#6]-[#6]-1)-[#6]-[#6]
C(CCC1CCCC2CCCCC12)CC1CCCCC1,378,2,[#6](-[#6]-[#6]-1-[#6]-[#6]-[#6]-[#6]-[#6]-1)-[#6]-[#6]-[#6]-1-[#6]-[#6]-[#6]-[#6]-2-[#6]-[#6]-[#6]-[#6]-[#6]-1-2
C(C1CCCCC1)C1C2CCCCC2CC2CCCCC12,442,2,[#6](-[#6]-1-[#6]-2-[#6]-[#6]-[#6]-[#6]-[#6]-2-[#6]-[#6]-2-[#6]-[#6]-[#6]-[#6]-[#6]-1-2)-[#6]-1-[#6]-[#6]-[#6]-[#6]-[#6]-1
C(CC1C2CCCCC2CC2CCCCC12)C1CCCCC1,443,2,[#6](-[#6]-1-[#6]-[#6]-[#6]-[#6]-[#6]-1)-[#6]-[#6]-1-[#6]-2-[#6]-[#6]-[#6]-[#6]-[#6]-2-[#6]-[#6]-2-[#6]-[#6]-[#6]-[#6]-[#6]-1-2
C1CCC(C2CCC3C(C2)CC(C2CCCCC2)CC3C2CCCCC2)CC1,132,2,[#6]-1-[#6]-[#6]-[#6](-[#6]-[#6]-1)-[#6]-1-[#6]-[#6]-[#6]-2-[#6](-[#6]-[#6](-[#6]-[#6]-2-[#6]-2-[#6]-[#6]-[#6]-[#6]-[#6]-2)-[#6]-2-[#6]-[#6]-[#6]-[#6]-[#6]-2)-[#6]-1
C(CC1CC(C)CC(C)C1)C1CCC2CCCCC12,156,2,[#6](-[#6]-1-[#6]-[#6]-[#6]-2-[#6]-[#6]-[#6]-[#6]-[#6]-1-2)-[#6]-[#6]-1-[#6]-[#6](-[#6]-[#6](-[#6]-1)-[#6])-[#6]
C(CCCCCC1CCCC1)CCCCC(CCCCCC(CCC(CCC1CCCC1)CC1CCCC1)CC1CCC2CCCCC12)CC1CCCCC1,409,2,[#6](-[#6]-[#6]-[#6]-[#6]-[#6](-[#6]-[#6]-1-[#6]-[#6]-[#6]-[#6]-[#6]-1)-[#6]-[#6]-[#6]-[#6]-[#6]-[#6](-[#6]-[#6]-1-[#6]-[#6]-[#6]-2-[#6]-[#6]-[#6]-[#6]-[#6]-1-2)-[#6]-[#6]-[#6](-[#6]-[#6]-1-[#6]-[#6]-[#6]-[#6]-1)-[#6]-[#6]-[#6]-1-[#6]-[#6]-[#6]-[#6]-1)-[#6]-[#6]-[#6]-[#6]-[#6]-[#6]-1-[#6]-[#6]-[#6]-[#6]-1
C(CC1CCC(C2CCC(C3CCCCC3)C2)CC1)C1CCCCCC2CCCC2CCCCC(CCC2CCCCC2)CCC2CCCC2CCCC1,353,2,[#6](-[#6]-1-[#6]-[#6]-[#6]-[#6]-[#6]-[#6]-2-[#6]-[#6]-[#6]-[#6]-2-[#6]-[#6]-[#6]-[#6]-[#6](-[#6]-[#6]-[#6]-2-[#6]-[#6]-[#6]-[#6]-2-[#6]-[#6]-[#6]-[#6]-1)-[#6]-[#6]-[#6]-1-[#6]-[#6]-[#6]-[#6]-[#6]-1)-[#6]-[#6]-1-[#6]-[#6]-[#6](-[#6]-[#6]-1)-[#6](-[#6])-[#6]-[#6]-[#6]-[#6]-1-[#6]-[#6]-[#6]-[#6]-[#6]-1
C(CC1CC2CCC(C2)C1)C1CCCCC1,404,2,[#6](-[#6]-1-[#6]-[#6]-[#6]-[#6]-[#6]-1)-[#6]-[#6]-1-[#6]-[#6]-2-[#6]-[#6]-[#6](-[#6]-1)-[#6]-2
C(CCC1CCCCC1)CC(CCCC1CCCC1)CC1CCCCC1,458,2,[#6](-[#6]-[#6](-[#6]-[#6]-1-[#6]-[#6]-[#6]-[#6]-[#6]-1)-[#6]-[#6]-[#6]-[#6]-1-[#6]-[#6]-[#6]-[#6]-1)-[#6]-[#6]-[#6]-1-[#6]-[#6]-[#6]-[#6]-[#6]-1
C1CCCC2CCC3CCC(CC4CCC(CC5CC2CC(CC2CCC(CCC1)CC2)C5CC1CCCCC1CC1CCCCC1)CC4)CCCC1CCCCC1C1CCCC3C1,352,2,[#6]-1-[#6]-[#6]-[#6]-[#6]-2-[#6]-[#6]-[#6]-3-[#6]-[#6]-[#6](-[#6]-[#6]-[#6]-[#6]-4-[#6]-[#6]-[#6]-[#6]-[#6]-4-[#6]-4-[#6]-[#6]-[#6]-[#6]-3-[#6]-4)-[#6]-[#6]-3-[#6]-[#6]-[#6](-[#6]-[#6]-3)-[#6]-[#6]-3-[#6]-[#6]-2-[#6]-[#6](-[#6]-3-[#6]-[#6]-2-[#6]-[#6]-[#6]-[#6]-[#6]-2-[#6]-[#6]-2-[#6]-[#6]-[#6]-[#6]-[#6]-2)-[#6]-[#6]-2-[#6]-[#6]-[#6](-[#6]-[#6]-2)-[#6]-[#6]-[#6]-1
C(CC1CCCC(CC2CCCC2)C1C1CCCCC1)C1CCCCC1,440,2,[#6](-[#6]-1-[#6]-[#6]-[#6]-[#6]-[#6]-1)-[#6]-[#6]-1-[#6]-[#6]-[#6]-[#6](-[#6]-1-[#6]-1-[#6]-[#6]-[#6]-[#6]-[#6]-1)-[#6]-[#6]-1-[#6]-[#6]-[#6]-[#6]-1
C(C1CCCCC1)C1CCC(CC2CCC(CC3CCCCC3)CC2)CC1,504,2,[#6](-[#6]-1-[#6]-[#6]-[#6](-[#6]-[#6]-1)-[#6]-[#6]-1-[#6]-[#6]-[#6](-[#6]-[#6]-1)-[#6]-[#6]-1-[#6]-[#6]-[#6]-[#6]-[#6]-1)-[#6]-1-[#6]-[#6]-[#6]-[#6]-[#6]-1
C1CCC2C(C1)CC1CCCC2C1,212,2,[#6]-1-[#6]-[#6]-[#6]-2-[#6](-[#6]-[#6]-3-[#6]-[#6]-[#6]-[#6]-2-[#6]-3)-[#6]-1
C1CC2C3C1CCCC3CC1CCCCC21,220,2,[#6]-1-[#6]-[#6]-2-[#6]-3-[#6]-1-[#6]-[#6]-[#6]-[#6]-3-[#6]-[#6]-1-[#6]-[#6]-[#6]-[#6]-[#6]-1-2
C(CCCC1CCC(C2CCCCC2)C1)CCCC1CCCCC1,526,2,[#6](-[#6]-[#6]-[#6]-[#6]-1-[#6]-[#6]-[#6]-[#6]-[#6]-1)-[#6]-[#6]-[#6]-[#6]-1-[#6]-[#6]-[#6](-[#6]-1)-[#6]-1-[#6]-[#6]-[#6]-[#6]-[#6]-1
C(CC1CC2C3CC4CC3CCC2CC1CCCCCCCCCCCCCCCCC4)C1CCCCC1,293,2,[#6](-[#6]-1-[#6]-[#6]-[#6]-[#6]-[#6]-1)-[#6]-[#6]-1-[#6]-[#6]-2-[#6]-3-[#6]-[#6]-4-[#6]-[#6]-3-[#6]-[#6]-[#6]-2-[#6]-[#6]-1-[#6]-[#6]-[#6]-[#6]-[#6]-[#6]-[#6]-[#6]-[#6]-[#6]-[#6]-[#6]-[#6]-[#6]-[#6]-[#6]-[#6]-4
C(CC1CCC(CC2CCCC3CCCCC23)CC1)C1CCCCC1,598,2,[#6](-[#6]-1-[#6]-[#6]-[#6]-[#6]-[#6]-1)-[#6]-[#6]-1-[#6]-[#6]-[#6](-[#6]-[#6]-1)-[#6]-[#6](-[#6]-1-[#6]-[#6]-[#6]-[#6]-[#6]-1)-[#6]-[#6]-[#6]
CC(C)CC(C)C(C)C,21,2,[#6]-[#6](-[#6]-[#6](-[#6](-[#6])-[#6])-[#6])-[#6]
C(CCC1CC2CCCCC2C1)CCC1CCC2CCCCC2C1,529,2,[#6](-[#6]-[#6]-[#6]-[#6]-[#6]-[#6]-1-[#6]-[#6]-[#6]-[#6]-[#6]-1-[#6])-[#6]-[#6]-[#6]-1-[#6]-[#6]-2-[#6]-[#6]-[#6]-[#6]-[#6]-2-[#6]-1
C(CC1CCC1CCC1CCCCC1)CC1CCCCC1,568,2,[#6](-[#6]-[#6]-1-[#6]-[#6]-[#6]-[#6]-[#6]-1)-[#6]-[#6]-1-[#6]-[#6]-[#6]-1-[#6]-[#6]-[#6]-1-[#6]-[#6]-[#6]-[#6]-[#6]-1
C(CC(CC)C(C)CCC1CCC2CCCC2C1)C(CC)CC,557,2,[#6](-[#6](-[#6]-[#6])-[#6]-[#6])-[#6]-[#6](-[#6](-[#6]-[#6]-[#6]-1-[#6]-[#6]-[#6]-2-[#6]-[#6]-[#6]-[#6]-2-[#6]-1)-[#6])-[#6]-[#6]
CCC(C)CCC(C)C,41,2,[#6]-[#6]-[#6](-[#6]-[#6]-[#6](-[#6])-[#6])-[#6]
C1CC2CC1CC(C1CCCCC1)C2,214,2,[#6]-1-[#6]-[#6]-2-[#6]-[#6]-1-[#6]-[#6](-[#6]-2)-[#6]-1-[#6]-[#6]-[#6]-[#6]-[#6]-1
C(CC1CC2CC(CC3CCC(C(CC)CC)C3)CCC12)CC1CCCC1,534,2,[#6](-[#6]-[#6]-1-[#6]-[#6]-[#6]-[#6]-1)-[#6]-[#6]-1-[#6]-[#6]-2-[#6]-[#6](-[#6]-[#6]-[#6]-1-2)-[#6]-[#6]-1-[#6]-[#6]-[#6](-[#6]-1)-[#6](-[#6]-[#6])-[#6]-[#6]
C(CC(CC)CC)CC12CC3CC(CC(C3)C1)C2,69,2,[#6](-[#6]-[#6]-1-2-[#6]-[#6]-3-[#6]-[#6](-[#6]-2)-[#6]-[#6](-[#6]-1)-[#6]-3)-[#6]-[#6](-[#6]-[#6])-[#6]-[#6]
C(CC12CC3CC(CC(C3)C1)C2)C1CCC2CC12,68,2,[#6](-[#6]-1-[#6]-[#6]-[#6]-2-[#6]-[#6]-1-2)-[#6]-[#6]-1-2-[#6]-[#6]-3-[#6]-[#6](-[#6]-2)-[#6]-[#6](-[#6]-1)-[#6]-3
C1CCCCCCCCCCC1,280,2,[#6]-1-[#6]-[#6]-[#6]-[#6]-[#6]-[#6]-[#6]-[#6]-[#6]-[#6]-[#6]-1
C1C2CCCCC2C2CCCCC12,216,2,[#6]-1-[#6]-2-[#6]-[#6]-[#6]-[#6]-[#6]-2-[#6]-2-[#6]-[#6]-[#6]-[#6]-[#6]-1-2
C1CCCCCCCCCCCCCCCCCCCCCCCCCCCCCCCC1,282,2,[#6]-1-[#6]-[#6]-[#6]-[#6]-[#6]-[#6]-[#6]-[#6]-[#6]-[#6]-[#6]-[#6]-[#6]-[#6]-[#6]-[#6]-[#6]-[#6]-[#6]-[#6]-[#6]-[#6]-[#6]-[#6]-[#6]-[#6]-[#6]-[#6]-[#6]-[#6]-[#6]-[#6]-1
C1CCCCCCCCCCCCCCCCCCCCCC1,283,2,[#6]-1-[#6]-[#6]-[#6]-[#6]-[#6]-[#6]-[#6]-[#6]-[#6]-[#6]-[#6]-[#6]-[#6]-[#6]-[#6]-[#6]-[#6]-[#6]-[#6]-[#6]-[#6]-[#6]-1
C(CCC1CCCCC1)CC1CCC(C2CCCC2)C1,543,2,[#6](-[#6]-[#6]-1-[#6]-[#6]-[#6](-[#6]-1)-[#6](-[#6]-[#6])-[#6]-[#6])-[#6]-[#6]-[#6]-1-[#6]-[#6]-[#6]-[#6]-[#6]-1
CC(C)C(C)(C)C,31,2,[#6]-[#6](-[#6](-[#6])(-[#6])-[#6])-[#6]
C1CCC(C2CCC3CCCC4CCCC2C34)CC1,219,2,[#6]-1-[#6]-[#6]-[#6](-[#6]-[#6]-1)-[#6]-1-[#6]-[#6]-[#6]-2-[#6]-[#6]-[#6]-[#6]-3-[#6]-[#6]-[#6]-[#6]-1-[#6]-2-3
C1CC2CCCC3CCC4CC5C6CC7(CC6CC5C(C7)C4C3)CCC3CCC(C3)CCC3CCCC(CC2C1)C3,307,2,[#6]-1-[#6]-[#6]-2-[#6]-[#6]-[#6]-[#6]-3-[#6]-[#6]-[#6]-4-[#6]-[#6]-5-[#6]-6-[#6]-[#6]-7(-[#6]-[#6]-[#6]-8-[#6]-[#6]-[#6](-[#6]-[#6]-[#6]-9-[#6]-[#6]-[#6]-[#6](-[#6]-9)-[#6]-[#6]-2-[#6]-1)-[#6]-8)-[#6]-[#6]-6-[#6]-[#6]-5-[#6](-[#6]-4-[#6]-3)-[#6]-7
C(C1CCCCCCCCCCCC(CC2CCCCC2)CCCCCCC1)C1CCCC1,288,2,[#6](-[#6]-1-[#6]-[#6]-[#6]-[#6]-1)-[#6]-1-[#6]-[#6]-[#6]-[#6]-[#6]-[#6]-[#6]-[#6]-[#6]-[#6]-[#6]-[#6](-[#6]-[#6]-[#6]-[#6]-[#6]-[#6]-[#6]-1)-[#6]-[#6]-1-[#6]-[#6]-[#6]-[#6]-[#6]-1
C1CC1,58,2,[#6]-1-[#6]-[#6]-1
C1C2CCCC(CC3CCCC4CCCC(CC5CCC(CC6CCCC7CCC1CC67)CC5)C34)C2,305,2,[#6]-1-[#6]-2-[#6]-[#6]-[#6]-[#6](-[#6]-2)-[#6]-[#6]-2-[#6]-[#6]-[#6]-[#6]-3-[#6]-[#6]-[#6]-[#6](-[#6]-2-3)-[#6]-[#6]-2-[#6]-[#6]-[#6](-[#6]-[#6]-2)-[#6]-[#6]-2-[#6]-[#6]-[#6]-[#6]-3-[#6]-[#6]-[#6]-1-[#6]-[#6]-2-3
C1C2CCC3CCC4C5CCCC5CCC4C3C12,242,2,[#6]-1-[#6]-2-[#6]-[#6]-[#6]-3-[#6]-[#6]-[#6]-4-[#6]-5-[#6]-[#6]-[#6]-[#6]-5-[#6]-[#6]-[#6]-4-[#6]-3-[#6]-1-2
C1CC2CC34C5CCC36CCCC6CC4(CC5)C2C1,76,2,[#6]-1-[#6]-[#6]-2-[#6]-[#6]-3-4-[#6]-5-[#6]-[#6]-[#6]-3-3-[#6]-[#6]-[#6]-[#6]-3-[#6]-[#6]-4(-[#6]-2-[#6]-1)-[#6]-[#6]-5
C(CC1CCC2CCCCC2C1)C1CCC(CC(CC)CC)CC1,601,2,[#6](-[#6]-1-[#6]-[#6]-[#6](-[#6]-[#6]-1)-[#6]-[#6](-[#6]-[#6])-[#6]-[#6])-[#6]-[#6]-1-[#6]-[#6]-[#6]-2-[#6]-[#6]-[#6]-[#6]-[#6]-2-[#6]-1
C(C1CCCCC1)C1CCC(CC2CCCCC2)CC1,502,2,[#6](-[#6]-1-[#6]-[#6]-[#6](-[#6]-[#6]-1)-[#6]-[#6]-1-[#6]-[#6]-[#6]-[#6]-[#6]-1)-[#6]-1-[#6]-[#6]-[#6]-[#6]-[#6]-1
C(CC1CCCCC1)CC1CCC(C2CCCC3CCCC23)CC1,337,2,[#6](-[#6]-[#6]-1-[#6]-[#6]-[#6](-[#6]-[#6]-1)-[#6]-1-[#6]-[#6]-[#6]-[#6]-2-[#6]-[#6]-[#6]-[#6]-1-2)-[#6]-[#6]-1-[#6]-[#6]-[#6]-[#6]-[#6]-1
C(CC1CCCCC1)C1CCCC1CCC1CCCCC1,567,2,[#6](-[#6](-[#6](-[#6]-[#6]-[#6]-1-[#6]-[#6]-[#6]-[#6]-[#6]-1)-[#6])-[#6]-[#6])-[#6]-[#6]-1-[#6]-[#6]-[#6]-[#6]-[#6]-1
C1CCC(C2CCC(C3CCC(C4CCCC4)CC3)CC2)C1,99,2,[#6]-[#6]-[#6](-[#6]-1-[#6]-[#6]-[#6](-[#6]-[#6]-1)-[#6]-1-[#6]-[#6]-[#6](-[#6]-[#6]-1)-[#6](-[#6]-[#6])-[#6]-[#6])-[#6]-[#6]
C1CCCCCCCCC2CCCC(CCCCCCC1)C2,298,2,[#6]-1-[#6]-[#6]-[#6]-[#6]-[#6]-[#6]-[#6]-[#6]-[#6]-2-[#6]-[#6]-[#6]-[#6](-[#6]-2)-[#6]-[#6]-[#6]-[#6]-[#6]-[#6]-[#6]-1
C(CC1CCCCC1)C(CCC1CCCCC1)CCC1CCC2CCCCC2C1,616,2,[#6](-[#6](-[#6]-[#6]-[#6]-1-[#6]-[#6]-[#6]-2-[#6]-[#6]-[#6]-[#6]-[#6]-2-[#6]-1)-[#6]-[#6]-[#6]-1-[#6]-[#6]-[#6]-[#6]-[#6]-1)-[#6]-[#6]-1-[#6]-[#6]-[#6]-[#6]-[#6]-1
C(C1CCCC1)C1CCC(C2CCC3CCCCC3C2)CC1,266,2,[#6](-[#6]-1-[#6]-[#6]-[#6](-[#6]-[#6]-1)-[#6]-1-[#6]-[#6]-[#6]-2-[#6]-[#6]-[#6]-[#6]-[#6]-2-[#6]-1)-[#6]-1-[#6]-[#6]-[#6]-[#6]-1
C1CC2CCCC(C3CCCCC3)C2C1,228,2,[#6]-1-[#6]-[#6]-2-[#6]-[#6]-[#6]-[#6](-[#6]-2-[#6]-1)-[#6]-1-[#6]-[#6]-[#6]-[#6]-[#6]-1
C1CCCCC2CCCCCCCC(CCC1)CCCCCC2,300,2,[#6]-1-[#6]-[#6]-[#6]-[#6]-[#6]-2-[#6]-[#6]-[#6]-[#6]-[#6]-[#6]-[#6]-[#6](-[#6]-[#6]-[#6]-[#6]-[#6]-[#6]-2)-[#6]-[#6]-[#6]-1
C1CCC2CCC3CCCC(CCC4CC(CCCC(CC5CCC(CC6CCCCC6)CC5)C1)CC1(CCCCC1)C4)C23,501,2,[#6]-1-[#6]-[#6]-[#6]-2-[#6]-[#6]-[#6]-3-[#6]-[#6]-[#6]-[#6](-[#6]-2-3)-[#6]-[#6]-[#6]-2-[#6]-[#6](-[#6]-[#6]-3(-[#6]-2)-[#6]-[#6]-[#6]-[#6]-[#6]-3)-[#6]-[#6]-[#6]-[#6](-[#6]-1)-[#6]-[#6]-1-[#6]-[#6]-[#6](-[#6]-[#6]-1)-[#6]-[#6]-1-[#6]-[#6]-[#6]-[#6]-[#6]-1
C(CC1CCCCC1)C1CCC2CCCCC12,560,2,[#6](-[#6]-1-[#6]-[#6]-[#6]-2-[#6]-[#6]-[#6]-[#6]-[#6]-1-2)-[#6]-[#6]-1-[#6]-[#6]-[#6]-[#6]-[#6]-1
C(CCCCCCC)CCCC1CCC(CCCC(CC)CC)CC1,606,2,[#6](-[#6]-[#6]-[#6]-1-[#6]-[#6]-[#6](-[#6]-[#6]-1)-[#6]-[#6]-[#6]-[#6](-[#6]-[#6])-[#6]-[#6])-[#6]-[#6]-[#6]-[#6]-[#6]-[#6]-[#6]-[#6]
C1CCC2C(C1)CCCC1CCCCC21,224,2,[#6]-1-[#6]-[#6]-[#6]-2-[#6](-[#6]-[#6]-[#6]-[#6](-[#6]-2-[#6]-[#6])-[#6]-[#6])-[#6]-1
C1CCC(C2(CC)C(C)CCCC3CCCCC23)CC1,81,2,[#6]-[#6]-[#6]-1(-[#6]-2-[#6]-[#6]-[#6]-[#6]-[#6]-2)-[#6]-2-[#6]-[#6]-[#6]-[#6]-[#6]-2-[#6]-[#6]-[#6]-[#6]-1-[#6]
C(CC1CCC(C2CCCCC2)CC1)C1CCC(CC2CCCC2)(C2CCCCC2)C1,327,2,[#6](-[#6]-1-[#6]-[#6]-[#6](-[#6]-1)(-[#6]-1-[#6]-[#6]-[#6]-[#6]-[#6]-1)-[#6]-[#6]-1-[#6]-[#6]-[#6]-[#6]-1)-[#6]-[#6]-1-[#6]-[#6]-[#6](-[#6]-[#6]-1)-[#6]-1-[#6]-[#6]-[#6]-[#6]-[#6]-1
C(C1CCCC1CC1CCCCC1)C1CCCCC1,507,2,[#6](-[#6]-1-[#6]-[#6]-[#6]-[#6]-[#6]-1)-[#6]-1-[#6]-[#6]-[#6]-[#6]-1-[#6]-[#6]-1-[#6]-[#6]-[#6]-[#6]-[#6]-1
C(C1CCCCC1)C1CCC2C(CCC3C4CCC(C(CC)CC)C4CCC23)C1,325,2,[#6](-[#6]-1-[#6]-[#6]-[#6]-2-[#6](-[#6]-1)-[#6]-[#6]-[#6]-1-[#6]-3-[#6]-[#6]-[#6](-[#6]-3-[#6]-[#6]-[#6]-2-1)-[#6](-[#6]-[#6])-[#6]-[#6])-[#6]-1-[#6]-[#6]-[#6]-[#6]-[#6]-1
C(C1CCC(CC2CCCCC2CC2CCCCC2)C1)C1CCCCC1,509,2,[#6](-[#6]-1-[#6]-[#6]-[#6]-[#6]-[#6]-1)-[#6]-1-[#6]-[#6]-[#6](-[#6]-1)-[#6]-[#6]-1-[#6]-[#6]-[#6]-[#6]-[#6]-1-[#6]-[#6]-1-[#6]-[#6]-[#6]-[#6]-[#6]-1
C1CCC(C2CCCCCC2)CC1,206,2,[#6]-1-[#6]-[#6]-[#6](-[#6]-[#6]-1)-[#6]-1-[#6]-[#6]-[#6]-[#6]-[#6]-[#6]-1
C(CC1CCC2CC3CCC4CCCC(C34)C2C1)C1CC2CCC3CCCC3C2C1,323,2,[#6](-[#6]-1-[#6]-[#6]-2-[#6]-[#6]-[#6]-3-[#6]-[#6]-[#6]-[#6]-3-[#6]-2-[#6]-1)-[#6]-[#6]-1-[#6]-[#6]-[#6]-2-[#6]-[#6]-3-[#6]-[#6]-[#6]-4-[#6]-[#6]-[#6]-[#6](-[#6]-2-[#6]-1)-[#6]-3-4
C1CC2C(C1)C1C3CCCCC3C3C1C1C2C2CCCCC2C1C(C)CC3C,86,2,[#6]-1-[#6]-[#6]-2-[#6](-[#6]-3-[#6]-4-[#6]-[#6]-[#6]-[#6]-[#6]-4-[#6]-4-[#6](-[#6]-[#6](-[#6]-5-[#6]-6-[#6]-[#6]-[#6]-[#6]-[#6]-6-[#6]-2-[#6]-5-[#6]-3-4)-[#6])-[#6])-[#6]-1
C1CC2C(C1)C1C3CCCCC3C(C3CCCCC3)C1C1CC3CCCCC3C21,85,2,[#6]-1-[#6]-[#6]-2-[#6](-[#6]-3-[#6]-4-[#6]-[#6]-[#6]-[#6]-[#6]-4-[#6](-[#6]-3-[#6]-3-[#6]-[#6]-4-[#6]-[#6]-[#6]-[#6]-[#6]-4-[#6]-3-2)-[#6]-2-[#6]-[#6]-[#6]-[#6]-[#6]-2)-[#6]-1
C1CC2CC3CCCC4C5CCCC6CC7CCCC8C(C1)C2C(C34)C(C78)C56,84,2,[#6]-1-[#6]-[#6]-2-[#6]-[#6]-3-[#6]-[#6]-[#6]-[#6]-4-[#6]-5-[#6]-[#6]-[#6]-[#6]-6-[#6]-[#6]-7-[#6]-[#6]-[#6]-[#6]-8-[#6](-[#6]-2-[#6](-[#6](-[#6]-5-6)-[#6]-7-8)-[#6]-3-4)-[#6]-1
C(CCCCCCC)CCC1CCC2CCCC(CC3CCCCC3)C2C1,517,2,[#6](-[#6]-[#6]-[#6]-[#6]-[#6]-[#6]-[#6])-[#6]-[#6]-[#6]-1-[#6]-[#6]-[#6]-2-[#6]-[#6]-[#6]-[#6](-[#6]-2-[#6]-1)-[#6]-[#6]-1-[#6]-[#6]-[#6]-[#6]-[#6]-1
C(C1CC2CCCCC2C1)C1CCCCC1,582,2,[#6](-[#6]-1-[#6]-[#6]-[#6]-[#6]-[#6]-1)-[#6]-1-[#6]-[#6]-2-[#6]-[#6]-[#6]-[#6]-[#6]-2-[#6]-1
C1CC2CCC3CCCCC3C2C1,232,1,C1CC2CCC3CCCCC3C2C1
C(C1CCCCC1)C1CCC2CCC3CCCCC3C2C1,196,1,C(C1CCCCC1)C1CCC2CCC3CCCCC3C2C1
C(C1CCCC1)C1CCC(C2CCCC3CCCC32)C1,234,1,C(C1CCCC1)C1CCC(C2CCCC3CCCC32)C1
C1CC(C2CCC(C3CCCC4CCCC43)C2)C1,235,1,C1CC(C2CCC(C3CCCC4CCCC43)C2)C1
C1CC1C1CCCC2CCC(C3CC4CCCCC4C3)CC21,238,1,C1CC1C1CCCC2CCC(C3CC4CCCCC4C3)CC21
C1C2CC(C3CCC4CCCC(C5CCCCC5)C4C3)CC12,239,1,C1C2CC(C3CCC4CCCC(C5CCCCC5)C4C3)CC12
C1CC1C1CCCC2CCC(C3CCC4(CC4)C3)CC21,240,1,C1CC1C1CCCC2CCC(C3CCC4(CC4)C3)CC21
C1CC1C1CCCC2CCC(C3CCC4CCCC4C3)CC21,241,1,C1CC1C1CCCC2CCC(C3CCC4CCCC4C3)CC21
C1CC2CC3CCCC(C4CCC5CCCCC54)C3CC2C1,244,1,C1CC2CC3CCCC(C4CCC5CCCCC54)C3CC2C1
C(CC1CCCC2CCCCC12)C1CC2CCCCC2C1,166,1,C(CC1CCCC2CCCCC12)C1CC2CCCCC2C1
C1C2CCCC3C4CCC5CCCC5C4CCC123,245,1,C1C2CCCC3C4CCC5CCCC5C4CCC123
C1C2CC34CC3CC3C5CCCC5CCC3C43CC3C12,246,1,C1C2CC34CC3CC3C5CCCC5CCC3C43CC3C12
C1C2CCCCC2CC1C1CCCCCC1,252,1,C1C2CCCCC2CC1C1CCCCCC1
C1CC2CC(C3CCCCC3)CC2C1,253,1,C1CC2CC(C3CCCCC3)CC2C1
C(CCC1CCCC2CCCCC12)CCC1CCCC2CCCCC12,167,1,C(CCC1CCCC2CCCCC12)CCC1CCCC2CCCCC12
C(C1CCC(C2CCCCC2)C1)C1CCCCC1C1CCCCC1,175,1,C(C1CCC(C2CCCCC2)C1)C1CCCCC1C1CCCCC1
C(CC1CCC2CCCCC12)CC1CCCC2CCCC21,168,1,C(CC1CCC2CCCCC12)CC1CCCC2CCCC21
C(C1CCCC1)C1CCCC1,182,1,C(C1CCCC1)C1CCCC1
C(C1CCCC1)C1CCC2C3CCCC4CCCC(C2C1)C34,198,1,C(C1CCCC1)C1CCC2C3CCCC4CCCC(C2C1)C34
C(C1CCCC1)C1CCC(C2CC3CCCCC3C2)C1,201,1,C(C1CCCC1)C1CCC(C2CC3CCCCC3C2)C1
C(C1CC2CCCC(CC3CCCCC3)C2C1)C1CCC2CCCCC12,194,1,C(C1CC2CCCC(CC3CCCCC3)C2C1)C1CCC2CCCCC12
C(C1CCCC1)C1CCC(CC2CCCC(C3CCCCC3)C2)CC1,203,1,C(C1CCCC1)C1CCC(CC2CCCC(C3CCCCC3)C2)CC1
C(C1CCCCC1)C1CCCC(CC2CCC3CCCC3C2)C1,205,1,C(C1CCCCC1)C1CCCC(CC2CCC3CCCC3C2)C1
C(C1CCCCC1)C1CCCC2CC(C3CC3)CCC12,193,1,C(C1CCCCC1)C1CCCC2CC(C3CC3)CCC12
C(C1CCC2CC3CCCCC3CC12)C1CCCCC1,192,1,C(C1CCC2CC3CCCCC3CC12)C1CCCCC1
C(C1CCC2CCC(C3CCCCC3)CC12)C1CCCCC1,191,1,C(C1CCC2CCC(C3CCCCC3)CC12)C1CCCCC1
C(C1CCCC1C1CCCCC1)C1CCCCC1,190,1,C(C1CCCC1C1CCCCC1)C1CCCCC1
C1CCC2CCCCCC2C1,208,1,C1CCC2CCCCCC2C1
C(C1CCC2CCCC12)C1CCCCC1,186,1,C(C1CCC2CCCC12)C1CCCCC1
C(C1CCCCC1)C1CCCC(C23CCC(C2)CCC3)C1,184,1,C(C1CCCCC1)C1CCCC(C23CCC(C2)CCC3)C1
C(C1CC1)C1CCCCC1,183,1,C(C1CC1)C1CCCCC1
C1CCC2C(C1)CC1CC2CCCCC1,213,1,C1CCC2C(C1)CC1CC2CCCCC1
C1CC2CCCC3CCCCC3C2C1,225,1,C1CC2CCCC3CCCCC3C2C1
C(C1CC2CCC2C1)C1CC2CCCC2C1,180,1,C(C1CC2CCC2C1)C1CC2CCCC2C1
C(C1CCCC1)C1CCC(CC2CC3CCC3C2)C1,179,1,C(C1CCCC1)C1CCC(CC2CC3CCC3C2)C1
C1CC2CC1CC2C1CCCCC1,215,1,C1CC2CC1CC2C1CCCCC1
C(CC1CC2CC(C1)C1CC12)C(C1CCCC1)C1CCCC1,177,1,C(CC1CC2CC(C1)C1CC12)C(C1CCCC1)C1CCCC1
C1CC2CC3CCCCC3C2C1,217,1,C1CC2CC3CCCCC3C2C1
C1C2CC3C(CC4CCCCC43)C12,218,1,C1C2CC3C(CC4CCCCC43)C12
C(C1CCCC1)C1CCC2CCC(C3CCC3)C2C1,197,1,C(C1CCCC1)C1CCC2CCC(C3CCC3)C2C1
C(CC1CCCCC1C1CCCCC1)C1CCC2CCCC2C1,174,1,C(CC1CCCCC1C1CCCCC1)C1CCC2CCCC2C1
C(C1CCC2CCCCC12)C1CCC2CCCC2C1,173,1,C(C1CCC2CCCCC12)C1CCC2CCCC2C1
C(C1CCC2CCCC2C1)C1CCCC2CCCC21,172,1,C(C1CCC2CCCC2C1)C1CCCC2CCCC21
C(C1CCCC1C1CCCCC1)C1CCC2CCCC2C1,171,1,C(C1CCCC1C1CCCCC1)C1CCC2CCCC2C1
C1CCC2C(C1)CC1CCCC3CCCC2C31,222,1,C1CCC2C(C1)CC1CCCC3CCCC2C31
C1CCC2C(C1)C1CCC3CCCC4CCC2C1C34,223,1,C1CCC2C(C1)C1CCC3CCCC4CCC2C1C34
C(CC1CC2CCCCC2C1)CC1CCCC2CCCCC12,165,1,C(CC1CC2CCCCC2C1)CC1CCCC2CCCCC12
C(CC1C2C3CCC3CCC2CCC2CCC3CCCC31C2)C1CCCCC1,625,1,C(CC1C2C3CCC3CCC2CCC2CCC3CCCC31C2)C1CCCCC1
C(CC1CC2CCCCC2CC1C1CCCCC1)C1CCCC2CCCC21,164,1,C(CC1CC2CCCCC2CC1C1CCCCC1)C1CCCC2CCCC21
CC(C)(C)CCCCCCC(C)(C)C,52,1,CC(C)(C)CCCCCCC(C)(C)C
CC(C)CC(C)(CC(C)C)C(C)C,36,1,CC(C)CC(C)(CC(C)C)C(C)C
CCCCC(C)(C(C)C)C(C)C,37,1,CCCCC(C)(C(C)C)C(C)C
CCCCC(C)C,39,1,CCCCC(C)C
CCCC(C)C,40,1,CCCC(C)C
CCC(C)CCC(C)CC,42,1,CCC(C)CCC(C)CC
CCCC(CCC)C(C)C,43,1,CCCC(CCC)C(C)C
CCCC(C)CCC,44,1,CCCC(C)CCC
CCC,45,1,CCC
CCCC(C(C)(C)C)C(C)(C)C,46,1,CCCC(C(C)(C)C)C(C)(C)C
CCCC(C(C(C)CC)C(C)(C)C)C(C)(C)C,47,1,CCCC(C(C(C)CC)C(C)(C)C)C(C)(C)C
CCCC(C)(C(C)(C)C)C(C)(C)C,49,1,CCCC(C)(C(C)(C)C)C(C)(C)C
CCCCC(C)(C(C)(C)C)C(C)(C)C,50,1,CCCCC(C)(C(C)(C)C)C(C)(C)C
CCCCCC(C)CCC(C)(C(C)(C)C)C(C)(C)C,51,1,CCCCCC(C)CCC(C)(C(C)(C)C)C(C)(C)C
CCCCCCCCC(C)(C)C,53,1,CCCCCCCCC(C)(C)C
CC(C)CC(C)(C)C,34,1,CC(C)CC(C)(C)C
CCCC(C)(C)C,54,1,CCCC(C)(C)C
CCCC(C)(CC)CC,55,1,CCCC(C)(CC)CC
CCCCC(C)(C)CCCC,56,1,CCCCC(C)(C)CCCC
C1CCC1,59,1,C1CCC1
C1CC2CCCCC12,62,1,C1CC2CCCCC12
C1C2CCCC12,63,1,C1C2CCCC12
C1CC12CCC1CCCC1C2,64,1,C1CC12CCC1CCCC1C2
C1CC2CC1CCC2,65,1,C1CC2CC1CCC2
C1CC2CCCC(C1)C2,66,1,C1CC2CCCC(C1)C2
C1CC1C(C1CC1)C1CC1,67,1,C1CC1C(C1CC1)C1CC1
C1CC2(CC13CCCCC3)C1CC3CC(C1)CC2C3,71,1,C1CC2(CC13CCCCC3)C1CC3CC(C1)CC2C3
C1C2CCCCC2CC12CCCCC2,72,1,C1C2CCCCC2CC12CCCCC2
C1CCC2(C1)CCCCC2,73,1,C1CCC2(C1)CCCCC2
CC(C)CC(C)(C)C(C)C,35,1,CC(C)CC(C)(C)C(C)C
CC(C)CC(C)CC(C)(C)C,33,1,CC(C)CC(C)CC(C)(C)C
C1CC1C1CCCCC12CC2,75,1,C1CC1C1CCCCC12CC2
CCCC(C)(CCC(C)C)CCC(C)C,15,1,CCCC(C)(CCC(C)C)CCC(C)C
CCCCCCCCCCCCCCCC,2,1,CCCCCCCCCCCCCCCC
CCCCCCCCCCCCCCCCCC(C)(C)CCCC(C)(C)C,3,1,CCCCCCCCCCCCCCCCCC(C)(C)CCCC(C)(C)C
CCCCCCCC(CC(C)CCCCCCCCC(C)(C)C)C(C)CCCCCC,4,1,CCCCCCCC(CC(C)CCCCCCCCC(C)(C)C)C(C)CCCCCC
CCCCCCC(C)C(C)CCC(C)CCCCCCC(C)C(C)CCC(C)CCCCCCC(C)C(C)C,5,1,CCCCCCC(C)C(C)CCC(C)CCCCCCC(C)C(C)CCC(C)CCCCCCC(C)C(C)C
CC(C)CC(CCC(CC(C)C)CC(C)C)CCC(CC(C)C)CC(C)C,6,1,CC(C)CC(CCC(CC(C)C)CC(C)C)CCC(CC(C)C)CC(C)C
CC(C)CC(CCC(CC(C)C)CC(C)C)CC(C)C,7,1,CC(C)CC(CCC(CC(C)C)CC(C)C)CC(C)C
CCC(C)CC(CCC(CCC(CC(C)C)CC(C)CC)CC(C)C)CC(C)C,8,1,CCC(C)CC(CCC(CCC(CC(C)C)CC(C)CC)CC(C)C)CC(C)C
CCCCCC(C)CC(CCC(CCC(CC(C)C)CC(C)CCCCC)CC(C)C)CC(C)C,9,1,CCCCCC(C)CC(CCC(CCC(CC(C)C)CC(C)CCCCC)CC(C)C)CC(C)C
CCC(CC)C(C)CCC(C)C(CC)CC,10,1,CCC(CC)C(C)CCC(C)C(CC)CC
CCCCC(C)C(CC)CCC,11,1,CCCCC(C)C(CC)CCC
CCCC(C)CC(CC(C)(CC)CC)C(C)CCC,12,1,CCCC(C)CC(CC(C)(CC)CC)C(C)CCC
CCC(CC)CCCCC(CC)CC,13,1,CCC(CC)CCCCC(CC)CC
CCCC(C)(CCC(C)C)CCC(C)CC(C)C,14,1,CCCC(C)(CCC(C)C)CCC(C)CC(C)C
CC(C)CCCCC(C)(C)C,16,1,CC(C)CCCCC(C)(C)C
CC(C)C(C)C(C)(C)C,32,1,CC(C)C(C)C(C)(C)C
CCCCCCC(C)C,17,1,CCCCCCC(C)C
CC(C)CCCCCCCC(C)C,18,1,CC(C)CCCCCCCC(C)C
CC(C)C(C)C(C)C(C)C,19,1,CC(C)C(C)C(C)C(C)C
CCC(C)C(C)C(C)C(C)CC,20,1,CCC(C)C(C)C(C)C(C)CC
CC(C)CCC(C)C(C)C,22,1,CC(C)CCC(C)C(C)C
CC(C)CCC(CC(C)C)C(C)C,23,1,CC(C)CCC(CC(C)C)C(C)C
CCC(CC(C)C)C(C)C,24,1,CCC(CC(C)C)C(C)C
CC(C)CC(CC(C)C)CC(C)(C)C,25,1,CC(C)CC(CC(C)C)CC(C)(C)C
CCC(CC(C)C)CC(C)C,26,1,CCC(CC(C)C)CC(C)C
CC(C)CCC(CCC(C)C)CC(C)C,27,1,CC(C)CCC(CCC(C)C)CC(C)C
CCC(C)C(C)C(CC(C)C)C(C)CC(C(C)CC)C(C)(C)C,28,1,CCC(C)C(C)C(CC(C)C)C(C)CC(C(C)CC)C(C)(C)C
CC(C)C,29,1,CC(C)C
CC(C)C(C)C,30,1,CC(C)C(C)C
C1CCC2(C1)CC1CCC2CC1,74,1,C1CCC2(C1)CC1CCC2CC1
C1CC2CCC34CCCC3CCC24C1,77,1,C1CC2CCC34CCCC3CCC24C1
C(CC1CCCC2CCCCC12)C1CC1,162,1,C(CC1CCCC2CCCCC12)C1CC1
C1CC2CC3CC4CCCC4C(C4CCCCC4)C3CC2C1,137,1,C1CC2CC3CC4CCCC4C(C4CCCCC4)C3CC2C1
C1CC(C2CC(C3CCC4CCC(C5CCCCC5)CC4C3)C3CCCCC23)C1,122,1,C1CC(C2CC(C3CCC4CCC(C5CCCCC5)CC4C3)C3CCCCC23)C1
C1CC(C2CCCCC2)C2CC(C3CCC(C4CCCCC4)CC3)CCC12,123,1,C1CC(C2CCCCC2)C2CC(C3CCC(C4CCCCC4)CC3)CCC12
C1CCC(C2CCC3CCC(C4CCCCC4)CC32)C1,124,1,C1CCC(C2CCC3CCC(C4CCCCC4)CC32)C1
C1CCC(C2CCC(C3CC4CCCCC4CC3C3CCCCC3)CC2)CC1,125,1,C1CCC(C2CCC(C3CC4CCCCC4CC3C3CCCCC3)CC2)CC1
C1CC1C1CC2CCCCC2C(C2CCCCC2)C1,126,1,C1CC1C1CC2CCCCC2C(C2CCCCC2)C1
C1CC2CC(C3CCCCC3)CC(C3CCCCC3)C2C1,127,1,C1CC2CC(C3CCCCC3)CC(C3CCCCC3)C2C1
C1CC2CC3CCCCC(C4CCCCC4)C3CC2C1,129,1,C1CC2CC3CCCCC(C4CCCCC4)C3CC2C1
C1CCC(C2CC(C3CCCCC3)CC(C3CCCCC3)C2)CC1,130,1,C1CCC(C2CC(C3CCCCC3)CC(C3CCCCC3)C2)CC1
C1C(C2CCCCC2)CC2CC(C3CCCCC3)CCC12,131,1,C1C(C2CCCCC2)CC2CC(C3CCCCC3)CCC12
C1C(C2CCCCC2)CC(C2CCCCC2)C1C1CCCCC1,133,1,C1C(C2CCCCC2)CC(C2CCCCC2)C1C1CCCCC1
C(C1CC2CCCCC2C1)C1CCC(C2CCCCC2)CC1,255,1,C(C1CC2CCCCC2C1)C1CCC(C2CCCCC2)CC1
C(C1CC2CC(C3CCCCC3)CC(C3CCCCC3)C2C1)C1CCCCC1,134,1,C(C1CC2CC(C3CCCCC3)CC(C3CCCCC3)C2C1)C1CCCCC1
C(C1CCC2CC(C3CCCC3)CCC2C1)C1C2CCCC2C(C2CCCCC2)C2CC3CCCC3CC12,136,1,C(C1CCC2CC(C3CCCC3)CCC2C1)C1C2CCCC2C(C2CCCCC2)C2CC3CCCC3CC12
C(CC1CCCCC1)CC1CC2CCCCC2C2CC3CC4CCCC4CC3C21,138,1,C(CC1CCCCC1)CC1CC2CCCCC2C2CC3CC4CCCC4CC3C21
C(CC1CCC2CC3C4CC5CCCCC5C4CCC3CC2C1)C1CCCCC1,119,1,C(CC1CCC2CC3C4CC5CCCCC5C4CCC3CC2C1)C1CCCCC1
C1CCC(C2CC3CCCCC3C3CCCCC32)CC1,140,1,C1CCC(C2CC3CCCCC3C3CCCCC32)CC1
C1CC2C(C1)C(C1CCCCC1)C1CCCCC21,141,1,C1CC2C(C1)C(C1CCCCC1)C1CCCCC21
C1CCC2C(C1)C1CCC2C2CCCCC21,143,1,C1CCC2C(C1)C1CCC2C2CCCCC21
C1CCC2C(C1)C1CCCCC1C1CCCCC21,144,1,C1CCC2C(C1)C1CCCCC1C1CCCCC21
C(C1CC1C1CCCCC1)C1CCCC2C(C3CCCC3)CCC21,145,1,C(C1CC1C1CCCCC1)C1CCCC2C(C3CCCC3)CCC21
C(C1CC1)C1CCCC2C(C3CCCC3)CCC21,146,1,C(C1CC1)C1CCCC2C(C3CCCC3)CCC21
C(CC1CCCC1)CC1CCCC2C(C3CCCC3)CCC21,147,1,C(CC1CCCC1)CC1CCCC2C(C3CCCC3)CCC21
C(CCC1CCCCC1)CC1CCC2C1CCC1C2CCC2CCCCC21,149,1,C(CCC1CCCCC1)CC1CCC2C1CCC1C2CCC2CCCCC21
C1C2CC3C(CCC4C3CCC3CCCCC34)C2CC1C1CCCCC1,150,1,C1C2CC3C(CCC4C3CCC3CCCCC34)C2CC1C1CCCCC1
C1CC2C(CCC3C2CCC2CCCCC23)C1C1CCCCC1,152,1,C1CC2C(CCC3C2CCC2CCCCC23)C1C1CCCCC1
C1CCC2(C1)CCC1C2CCC2C1CCC1CCCCC12,155,1,C1CCC2(C1)CCC1C2CCC2C1CCC1CCCCC12
C(CC1CC2CC3CCC2C(C1)C3)C1CCC2CCCCC12,157,1,C(CC1CC2CC3CCC2C(C1)C3)C1CCC2CCCCC12
C(CC1CC2CCC1CC2)C1CCC2CCCCC2C1C1CCCCC1,159,1,C(CC1CC2CCC1CC2)C1CCC2CCCCC2C1C1CCCCC1
C1C2CCCCC2C2CCC3CC4CCCCC4CC3C12,120,1,C1C2CCCCC2C2CCC3CC4CCCCC4CC3C12
C1C2CCCCC2C2CC3CCCC4CCCC(C12)C43,118,1,C1C2CCCCC2C2CC3CCCC4CCCC(C12)C43
C1C2CCCC12C1CCCCC1,80,1,C1C2CCCC12C1CCCCC1
C(CC1CCCC1)CC1CCC(C2CCC(C3CCCC3)CC2)CC1,98,1,C(CC1CCCC1)CC1CCC(C2CCC(C3CCCC3)CC2)CC1
C1C(C2CCCC2)C1(C1CCCCC1)C1CCCCC1,82,1,C1C(C2CCCC2)C1(C1CCCCC1)C1CCCCC1
C(CC1CCCCC1)C1CCCC1(C1CCCCC1)C1CCCCC1,83,1,C(CC1CCCCC1)C1CCCC1(C1CCCCC1)C1CCCCC1
C(CC1CC2CC(C1)C1C3CCCCC3C3C4CCCC4C4C5CCCCC5C2C4C31)C1CCCCC1,87,1,C(CC1CC2CC(C1)C1C3CCCCC3C3C4CCCC4C4C5CCCCC5C2C4C31)C1CCCCC1
C(C1C2CCC1CCC2)C12CC1C1CCCCC1C1C(C2)C2CCCCC2C1C1CCCCC1,88,1,C(C1C2CCC1CCC2)C12CC1C1CCCCC1C1C(C2)C2CCCCC2C1C1CCCCC1
C1C2C1C1C3C4CC4C4(CCCC4)C3CCC1C1CCCCC21,89,1,C1C2C1C1C3C4CC4C4(CCCC4)C3CCC1C1CCCCC21
C(CC1CCCC(C2CCCCC2)C1)C1CCC(C2CCCCC2)C1,90,1,C(CC1CCCC(C2CCCCC2)C1)C1CCC(C2CCCCC2)C1
C(C1CCC(C2CCCCC2)C1)C1CCCC(C2CCCCC2)C1,91,1,C(C1CCC(C2CCCCC2)C1)C1CCCC(C2CCCCC2)C1
C(CC1CCCC(C2CCCC2)C1)C1CCCC(CC2CCCC(C3CCCCC3)C2)C1,92,1,C(CC1CCCC(C2CCCC2)C1)C1CCCC(CC2CCCC(C3CCCCC3)C2)C1
C(CC1CCCC(C2CCCCC2)C1)C1CCCCC1,93,1,C(CC1CCCC(C2CCCCC2)C1)C1CCCCC1
C(CC1CCCC(C2CCCCC2)C1)C1CC1,94,1,C(CC1CCCC(C2CCCCC2)C1)C1CC1
C(CC1CCCC(C2CCCC2)C1)C1CC2CCCCC2C1,95,1,C(CC1CCCC(C2CCCC2)C1)C1CC2CCCCC2C1
C(CC1(C2CCC3CCCC3C2)CC1)C1CCCC(C2CCCCC2)C1,96,1,C(CC1(C2CCC3CCCC3C2)CC1)C1CCCC(C2CCCCC2)C1
C(CC1CCCC1)CC1CCC(C2CCC(C3CCCCC3)CC2)C1,97,1,C(CC1CCCC1)CC1CCC(C2CCC(C3CCCCC3)CC2)C1
C1CCC(C2CCC(C3CCCCC3)CC2)C1,100,1,C1CCC(C2CCC(C3CCCCC3)CC2)C1
C1C2CC3CCCCC3CC2C2CC3CCCC4CCCC(C12)C43,117,1,C1C2CC3CCCCC3CC2C2CC3CCCC4CCCC(C12)C43
C1CCC(C2CCC(C3CCC4CCCCC4C3)CC2)CC1,101,1,C1CCC(C2CCC(C3CCC4CCCCC4C3)CC2)CC1
C(CCC1CCCCC1CC1CCCC2CCCCC12)CC1CCC(C2CCCCC2)CC1,102,1,C(CCC1CCCCC1CC1CCCC2CCCCC12)CC1CCC(C2CCCCC2)CC1
C(CCC1C2CCCC2CCC1CCC1CCCCC1)CC1CCC(C2CCCCC2)CC1,103,1,C(CCC1C2CCCC2CCC1CCC1CCCCC1)CC1CCC(C2CCCCC2)CC1
C(CC1C2CCCC2CC2CCCCC12)C1CCC(C2CCCCC2)CC1,104,1,C(CC1C2CCCC2CC2CCCCC12)C1CCC(C2CCCCC2)CC1
C(CCC1CC2CCCCC12)CCC1CCC2CCCCC2CC1,105,1,C(CCC1CC2CCCCC12)CCC1CCC2CCCCC2CC1
C1CC1C1C2CCCCC2CCC2CCCCC21,107,1,C1CC1C1C2CCCCC2CCC2CCCCC21
C(CC1CCC(C2C3CCCCC3CCC3CCCCC32)CC1)C1CCCCC1,108,1,C(CC1CCC(C2C3CCCCC3CCC3CCCCC32)CC1)C1CCCCC1
C1CC2CCC(C3C4CC5CCCCC5C4CC4CCCCC43)CC2C1,109,1,C1CC2CCC(C3C4CC5CCCCC5C4CC4CCCCC43)CC2C1
C1C2CCCCC2C2C1CCC1CCCCC21,110,1,C1C2CCCCC2C2C1CCC1CCCCC21
C(C1CCCCC1)C1CCC2CC(C3CCCC3C3CCC4CCCCC43)C3CCCC(C1)C23,111,1,C(C1CCCCC1)C1CCC2CC(C3CCCC3C3CCC4CCCCC43)C3CCCC(C1)C23
C1CC(C2CCC3CCCCC32)C(C2CC3CCCC4CCCC2C34)C1,112,1,C1CC(C2CCC3CCCCC32)C(C2CC3CCCC4CCCC2C34)C1
C1CC2CC(C3CCCCC3)C(C3CCCC4CCCCC43)C2C1,114,1,C1CC2CC(C3CCCCC3)C(C3CCCC4CCCCC43)C2C1
C1CCC(C2CCCC3C(C4CCCCC4)CCCC23)CC1,116,1,C1CCC(C2CCCC3C(C4CCCCC4)CCCC23)CC1
C1C2CCCC1C1CC3CCCCC3CC21,254,1,C1C2CCCC1C1CC3CCCCC3CC21
C1CCC(C2CCC(C3CCC4C(CC5C4C(C4CCCCC4)CC4CC(C6CCC(C7CCCC7)C6)CCC54)C3)C2)C1,313,1,C1CCC(C2CCC(C3CCC4C(CC5C4C(C4CCCCC4)CC4CC(C6CCC(C7CCCC7)C6)CCC54)C3)C2)C1
C(CC1CC2CCCCC2C1)CC1CCC(C2CCCCC2)CC1,256,1,C(CC1CC2CCCCC2C1)CC1CCC(C2CCCCC2)CC1
C(CC1(CCC2CCC(CC3CCCC4CCCCC34)CC2)CC1)C1CCCCC1,520,1,C(CC1(CCC2CCC(CC3CCCC4CCCCC34)CC2)CC1)C1CCCCC1
C(C1CCCCC1)C1CCCCCC2CCCC(C2)CCCC(CC2CCCCC2)C1,500,1,C(C1CCCCC1)C1CCCCCC2CCCC(C2)CCCC(CC2CCCCC2)C1
C(CC1CCC(CC2CCCCC2)CC1)C1CCC(CC2CCCCC2)CC1,503,1,C(CC1CCC(CC2CCCCC2)CC1)C1CCC(CC2CCCCC2)CC1
C(C1CCCCC1)C1CCC(CC2CCC(CC3CCC(CC4CCCCC4)CC3)CC2)CC1,505,1,C(C1CCCCC1)C1CCC(CC2CCC(CC3CCC(CC4CCCCC4)CC3)CC2)CC1
C(C1CCCCC1)C1CCC(CC2CCC3(CCC(CC4CCCCC4)CC3)CC2)CC1,506,1,C(C1CCCCC1)C1CCC(CC2CCC3(CCC(CC4CCCCC4)CC3)CC2)CC1
C(C1CCCC1)C1CCCCC1CC1CCCCC1,508,1,C(C1CCCC1)C1CCCCC1CC1CCCCC1
C(C1CC(C2CCCCC2)C1)C1CCCCC1CC1CCCCC1,510,1,C(C1CC(C2CCCCC2)C1)C1CCCCC1CC1CCCCC1
C(CC1CCCCC1CC1CCCC1)C1CCCC(CCC2CCCCC2CC2CCCC2)C1,511,1,C(CC1CCCCC1CC1CCCC1)C1CCCC(CCC2CCCCC2CC2CCCC2)C1
C(C1CCCCC1)C1CCCCC1CC1CCCC2CC3CCC4CCCC5CCC(C12)C3C45,512,1,C(C1CCCCC1)C1CCCCC1CC1CCCC2CC3CCC4CCCC5CCC(C12)C3C45
C(C1CCCCC1)C1CCC(CC2CCCC3CC4CC5CCCCC5CC4CC23)CC1,514,1,C(C1CCCCC1)C1CCC(CC2CCCC3CC4CC5CCCCC5CC4CC23)CC1
C(CC1CCC(CC2CCCC3CC4CC5CCCCC5CC4CC23)CC1)C1CCCCC1,515,1,C(CC1CCC(CC2CCCC3CC4CC5CCCCC5CC4CC23)CC1)C1CCCCC1
C(CCC1CCCCC1)CCC1CCC(CC2CCCC3CC(C4CCCC4)CC32)CC1,516,1,C(CCC1CCCCC1)CCC1CCC(CC2CCCC3CC(C4CCCC4)CC32)CC1
C(CCC1CCCCC1)CC1CC2CCCC(CC3CCC4C(CC5CCCCC5)CCC4C3)C2C1,518,1,C(CCC1CCCCC1)CC1CC2CCCC(CC3CCC4C(CC5CCCCC5)CCC4C3)C2C1
C(CC1CCCCC1)CC1CC(CC2CCCCC2)C2C(CC3CCCC4CCCC43)CCCC2C1,519,1,C(CC1CCCCC1)CC1CC(CC2CCCCC2)C2C(CC3CCCC4CCCC43)CCCC2C1
C(CCC1CCC2C(CC3CCC(CCC4(CCC5CCCCC5)CC4)CC3)CCCC2C1)CC1CCCCC1,521,1,C(CCC1CCC2C(CC3CCC(CCC4(CCC5CCCCC5)CC4)CC3)CCCC2C1)CC1CCCCC1
C(C1CCCCC1)C1CCCC(CC2CCC(C3CCCCC3)CC2)C1,496,1,C(C1CCCCC1)C1CCCC(CC2CCC(C3CCCCC3)CC2)C1
C(CC1CCC2C(CC3CCCCC3)CCCC2C1)C1CCCCC1,522,1,C(CC1CCC2C(CC3CCCCC3)CCCC2C1)C1CCCCC1
C(CCC1CCC2C(CC3CCCCC3)CCCC2C1)CC1CCCCC1,523,1,C(CCC1CCC2C(CC3CCCCC3)CCCC2C1)CC1CCCCC1
C(C1CCCC1)C1CCC2C(CC3CCCCC3)CCCC2C1,524,1,C(C1CCCC1)C1CCC2C(CC3CCCCC3)CCCC2C1
C(CC1CCC2C(CC3CCCCC3)CCCC2C1)C1CC2CCCC2C1,525,1,C(CC1CCC2C(CC3CCCCC3)CCCC2C1)C1CC2CCCC2C1
C(CCCCC1CCCCC1)CCCCC1CCC2CCCC2C1,528,1,C(CCCCC1CCCCC1)CCCCC1CCC2CCCC2C1
C(CCC1CCC(C2CCCCC2)CC1)CCC1CCC2CCCCC2C1,530,1,C(CCC1CCC(C2CCCCC2)CC1)CCC1CCC2CCCCC2C1
C(CCC1CCC2CCCCC2C1)CCC1CCC2CCCCC2C1,531,1,C(CCC1CCC2CCCCC2C1)CCC1CCC2CCCCC2C1
C(CCC1CCCC1C1CCCCC1)CCC1CCC2CCCCC2C1,532,1,C(CCC1CCCC1C1CCCCC1)CCC1CCC2CCCCC2C1
C(CCC1CC2CC2(C2CCCCC2)C1)CC1CCC(C2CCCC2)C1,533,1,C(CCC1CC2CC2(C2CCCCC2)C1)CC1CCC(C2CCCC2)C1
C(CC1CC2CC(CC3CCCC4CCCC43)CCC12)CC1CCCC1,536,1,C(CC1CC2CC(CC3CCCC4CCCC43)CCC12)CC1CCCC1
C(CC1CC1)CC1CCCC1C1CC2CCC(CC3CCCCC3)CC2C1,537,1,C(CC1CC1)CC1CCCC1C1CC2CCC(CC3CCCCC3)CC2C1
C(CC1CCC2CCC(CC3CCC3)CC12)CC1CCC(C2CCCCC2)CC1,538,1,C(CC1CCC2CCC(CC3CCC3)CC12)CC1CCC(C2CCCCC2)CC1
C(CCC1CCC(C2CC3CCCCC3C2)CC1)CC1CCCCC1,540,1,C(CCC1CCC(C2CC3CCCCC3C2)CC1)CC1CCCCC1
C(C1CCCCC1)C1CCCC(CC2CCC(C3CCC(C4CCCCC4)CC3)CC2)C1,497,1,C(C1CCCCC1)C1CCCC(CC2CCC(C3CCC(C4CCCCC4)CC3)CC2)C1
C(CCC12CCC(C(C3CCCCC3)C3CCCCC3)(CC1)CC2)CC1CCCCC1,495,1,C(CCC12CCC(C(C3CCCCC3)C3CCCCC3)(CC1)CC2)CC1CCCCC1
C(CCC1CCC2CCCC2C1)CC1CCCCC1,544,1,C(CCC1CCC2CCCC2C1)CC1CCCCC1
C(C(C1CCCCC1)C1CCC2CCCC2C1)C1CC1,469,1,C(C(C1CCCCC1)C1CCC2CCCC2C1)C1CC1
C(CC1CCCCC1)C(CC1CCCCC1)CC1CCCCC1,453,1,C(CC1CCCCC1)C(CC1CCCCC1)CC1CCCCC1
C(CCCC(CC1CCCC1)CC1CCCC1)CCCC1CCCCC1,454,1,C(CCCC(CC1CCCC1)CC1CCCC1)CCCC1CCCCC1
C(CCC(CCC1CCC2CCCCC2C1)CC1CCCCC1)CCC1CCC2CCCCC2C1,455,1,C(CCC(CCC1CCC2CCCCC2C1)CC1CCCCC1)CCC1CCC2CCCCC2C1
C(CCC(CCC1CCC(C2CCCCC2)C1)CC1CCCCC1)CCC1CCCCC1,456,1,C(CCC(CCC1CCC(C2CCCCC2)C1)CC1CCCCC1)CCC1CCCCC1
C(CCC1CCC(C2CCCCC2)CC1)CC(CCC1CCC(C2CCC3CCCCC3C2)CC1)CC1CCCCC1,457,1,C(CCC1CCC(C2CCCCC2)CC1)CC(CCC1CCC(C2CCC3CCCCC3C2)CC1)CC1CCCCC1
C(CCC1CCCCC1)CC(CCCC1CCC2CCCC12)CC1CCCCC1,459,1,C(CCC1CCCCC1)CC(CCCC1CCC2CCCC12)CC1CCCCC1
C(CC(CCC1CCC2CCCCC12)CC1CCCCC1)CC1CCC(CC2CCCCC2)CC1,460,1,C(CC(CCC1CCC2CCCCC12)CC1CCCCC1)CC1CCC(CC2CCCCC2)CC1
C(CC1CCC(C2CCC(C3CCC(CCC4CCCC4)CC3)C2C2CCCCC2)CC1)C1CCCC1,461,1,C(CC1CCC(C2CCC(C3CCC(CCC4CCCC4)CC3)C2C2CCCCC2)CC1)C1CCCC1
C(CC1CCC(CCC2CCCCC3CCC(C4CCCCC4)CC3C2)CC1)C1CCCC1,462,1,C(CC1CCC(CCC2CCCCC3CCC(C4CCCCC4)CC3C2)CC1)C1CCCC1
C(CC1CCCC(C(C2CCCCC2)C2CCCC(CCC3CCCC3)C2)C1)C1CCCC1,463,1,C(CC1CCCC(C(C2CCCCC2)C2CCCC(CCC3CCCC3)C2)C1)C1CCCC1
C(CCC1CC2CC(C1)C(CCC1CCCCC1)C1C3CCC3CC3CC31CC2)CC1CCCCC1,466,1,C(CCC1CC2CC(C1)C(CCC1CCCCC1)C1C3CCC3CC3CC31CC2)CC1CCCCC1
C(CCC1CCC2C3CCCC3C(CCC3CCCCC3)CC2C1)CC1CCCCC1,467,1,C(CCC1CCC2C3CCCC3C(CCC3CCCCC3)CC2C1)CC1CCCCC1
C(C(C1CCCCC1)C1CCC2CCCCC2C1)C1CCCC2CCCCC12,468,1,C(C(C1CCCCC1)C1CCC2CCCCC2C1)C1CCCC2CCCCC12
C(CCC1CCC(CC(C2CCCCC2)C2CCCCC2)CC1)CC1CCCCC1,471,1,C(CCC1CCC(CC(C2CCCCC2)C2CCCCC2)CC1)CC1CCCCC1
C(CC1CC2CCC(C1)C21CCCC1)C(C1CCCCC1)C1CCCCC1,494,1,C(CC1CC2CCC(C1)C21CCCC1)C(C1CCCCC1)C1CCCCC1
C(C(C1CCCC1)C1CCCC(CC2CCCCC2)C2CCCCC21)C1CCCCC1,472,1,C(C(C1CCCC1)C1CCCC(CC2CCCCC2)C2CCCCC21)C1CCCCC1
C(C(C1CCCCC1)C1CCCCC1)C1CC2CCC(C2)C1,474,1,C(C(C1CCCCC1)C1CCCCC1)C1CC2CCC(C2)C1
C(CC1CCCCC1)C(C1CC2CCC1C2)C1CCCCC1,475,1,C(CC1CCCCC1)C(C1CC2CCC1C2)C1CCCCC1
C(CC(CC1CCCCC1)C1CCCCC1)CC1CCCCC1,477,1,C(CC(CC1CCCCC1)C1CCCCC1)CC1CCCCC1
C1CCC(C(C2CCCCC2)(C2CCCCC2)C2CCCCC2)C1,480,1,C1CCC(C(C2CCCCC2)(C2CCCCC2)C2CCCCC2)C1
C(CC(CC1CCCC1)(C1CCCCC1)C1CCCCC1)C1CCCCC1,481,1,C(CC(CC1CCCC1)(C1CCCCC1)C1CCCCC1)C1CCCCC1
C(C1CCCCC1)C1CCC(C(C2CCCCC2)C2CCCCC2)CC1,483,1,C(C1CCCCC1)C1CCC(C(C2CCCCC2)C2CCCCC2)CC1
C1CCC(C(C2CCCCC2)C2CCC(C3CCCCC3)CC2)C1,485,1,C1CCC(C(C2CCCCC2)C2CCC(C3CCCCC3)CC2)C1
C(CC1CCC2CCCC2C1)C1CCC(C(C2CCCCC2)C2CCCCC2)C1,486,1,C(CC1CCC2CCCC2C1)C1CCC(C(C2CCCCC2)C2CCCCC2)C1
C1CCC(C(C2CCCCC2)C2CCC3CCCC(C4CCCCC4)C3C2)C1,487,1,C1CCC(C(C2CCCCC2)C2CCC3CCCC(C4CCCCC4)C3C2)C1
C(CC1CCC2CCCCCCC12)C(C1CCCCC1)C1CCCCC1,489,1,C(CC1CCC2CCCCCCC12)C(C1CCCCC1)C1CCCCC1
C(CCCC(C1CCCCC1)C1CCCCC1)CCCC1CCCCC1C1CCCCC1,490,1,C(CCCC(C1CCCCC1)C1CCCCC1)CCCC1CCCCC1C1CCCCC1
C(CCC12CCC(CC1)C(CCC(C1CCCC1)C1CCCC1)C2)CC1CCCCC1,493,1,C(CCC12CCC(CC1)C(CCC(C1CCCC1)C1CCCC1)C2)CC1CCCCC1
C(CCC1CCCC(C2CCCC2)CC1)CC1CCCCC1,542,1,C(CCC1CCCC(C2CCCC2)CC1)CC1CCCCC1
C(CCC1CCCC2CCCCC2C1)CC1CCCCC1,545,1,C(CCC1CCCC2CCCCC2C1)CC1CCCCC1
C(C1CCC2CC(C3CCCCC3)CC2C1)C1CCC2CCCCC2C1,257,1,C(C1CCC2CC(C3CCCCC3)CC2C1)C1CCC2CCCCC2C1
C(CCC1CCC(CCCC2CCCCC2)CC1)CC1CCCCC1,607,1,C(CCC1CCC(CCCC2CCCCC2)CC1)CC1CCCCC1
C(CC1CCC(CC2CCCC(CCC3CCCCC3)C2)CC1)C1CCCCC1,589,1,C(CC1CCC(CC2CCCC(CCC3CCCCC3)C2)CC1)C1CCCCC1
C(CC1CCCC(CC2CCCC2)C1)C1CCCCC1,590,1,C(CC1CCCC(CC2CCCC2)C1)C1CCCCC1
C(CC1CCCC(CCC2CCCCC2)C1)C1CC1,591,1,C(CC1CCCC(CCC2CCCCC2)C1)C1CC1
C(CC1CCCCC1)C1CCC(CC2CCCC(C3CCCCC3)C2)C1,592,1,C(CC1CCCCC1)C1CCC(CC2CCCC(C3CCCCC3)C2)C1
C(CC1CCCCC1)C1CCC(CC2CC3CCC3C2)C1,593,1,C(CC1CCCCC1)C1CCC(CC2CC3CCC3C2)C1
C(CC1CCCCC1)C1CC2CCC(CCC3CCCCC3)CC2C1,594,1,C(CC1CCCCC1)C1CC2CCC(CCC3CCCCC3)CC2C1
C(CC1CCC2CC(CC3CCCCC3)CCC2C1)C1CCCCC1,595,1,C(CC1CCC2CC(CC3CCCCC3)CCC2C1)C1CCCCC1
C(CC1CCC(CC2CC(CC3CCCC3)CC(C3CCCCC3)C2)CC1)C1CC1,596,1,C(CC1CCC(CC2CC(CC3CCCC3)CC(C3CCCCC3)C2)CC1)C1CC1
C(CC1CC(CC2CCCCC2)CC(C2CCCCC2)C1)C1CCCCC1,597,1,C(CC1CC(CC2CCCCC2)CC(C2CCCCC2)C1)C1CCCCC1
C(CC1CCC(CC2CCCC3CCC(C4CCCC4)CC23)CC1)C1CCCCC1,599,1,C(CC1CCC(CC2CCCC3CCC(C4CCCC4)CC23)CC1)C1CCCCC1
C(CC1CCC(CC2CC3CCCCC3C2CC2CCCCC2)CC1)C1CCCCC1,600,1,C(CC1CCC(CC2CC3CCCCC3C2CC2CCCCC2)CC1)C1CCCCC1
C(CC1CCCC(CCC2CCC(CC3CCCCC3)CC2)C1)C1CCC2CCCCC12,603,1,C(CC1CCCC(CCC2CCC(CC3CCCCC3)CC2)C1)C1CCC2CCCCC12
C(CC1CC2CCCC(C3CCC(CC4CCCCC4)CC3)C2C1)C1CC1,604,1,C(CC1CC2CCCC(C3CCC(CC4CCCCC4)CC3)C2C1)C1CC1
C(CC1CCC(CCC2CCCCC2)CC1)C1CCCCC1,609,1,C(CC1CCC(CCC2CCCCC2)CC1)C1CCCCC1
C(CCC1CC2CCCCC2C1)CCC1CCCCC1,587,1,C(CCC1CC2CCCCC2C1)CCC1CCCCC1
C(CCC1CCCCC1CCC1CCC(CCC2CCCCC2)CC1)CC1CCCCC1,610,1,C(CCC1CCCCC1CCC1CCC(CCC2CCCCC2)CC1)CC1CCCCC1
C(CC1CCC(CCCC2CCC(C3CCCCC3)CC2)C1)CC1CCCCC1,611,1,C(CC1CCC(CCCC2CCC(C3CCCCC3)CC2)C1)CC1CCCCC1
C(CCC1CCC(C2CCC(CCCC3CCCCC3)CC2)CC1)CC1CCCCC1,612,1,C(CCC1CCC(C2CCC(CCCC3CCCCC3)CC2)CC1)CC1CCCCC1
C(CCC1CCC(CCC2CCC3CCCCC3C2)CC1)CC1CCCCC1,613,1,C(CCC1CCC(CCC2CCC3CCCCC3C2)CC1)CC1CCCCC1
C(CCC1CCCCC1)CCC1CCC(CCC2CCC3CCC(C4CCCC4)CC3C2)CC1,614,1,C(CCC1CCCCC1)CCC1CCC(CCC2CCC3CCC(C4CCCC4)CC3C2)CC1
C(CCC1CCCCC1)CC1CCC(CCC2CCC(C3CCCCC3)C2)C1,615,1,C(CCC1CCCCC1)CC1CCC(CCC2CCC(C3CCCCC3)C2)C1
C(CCC1CCCCC1)CC(CCC1CC1)CCC1CCC2CCCCC2C1,617,1,C(CCC1CCCCC1)CC(CCC1CC1)CCC1CCC2CCCCC2C1
C(CC1CC1)C(CCC1CCCCC1)C1CCCC(CCC2CCC3CCCCC3C2)C1,618,1,C(CC1CC1)C(CCC1CCCCC1)C1CCCC(CCC2CCC3CCCCC3C2)C1
C(CC1CCCC1)CC1CCC2CCC(CC3CCC(CCCC4CCCCC4)CC3)C2C1,619,1,C(CC1CCCC1)CC1CCC2CCC(CC3CCC(CCCC4CCCCC4)CC3)C2C1
C(CC1CCCCC1)CC1CCC2CCC(CC3CCCC3)C2C1,620,1,C(CC1CCCCC1)CC1CCC2CCC(CC3CCCC3)C2C1
C(CC1CCCC1)CC1CCCC(CCCC2CCCCC2)C1,621,1,C(CC1CCCC1)CC1CCCC(CCCC2CCCCC2)C1
C(CC1CCC2(CCCC2)CC1)C1CCCCC1,622,1,C(CC1CCC2(CCCC2)CC1)C1CCCCC1
C(CCC1CCC2(CCCC2)CC1)CC1CCC(C2CCCCC2)CC1,623,1,C(CCC1CCC2(CCCC2)CC1)CC1CCC(C2CCCCC2)CC1
C(CCC1CCCCC1CCC1CC2CCCCC2C1)CC1CCCCC1,588,1,C(CCC1CCCCC1CCC1CC2CCCCC2C1)CC1CCCCC1
C(CCC1CCCCC1)CC1CC2CCCC2C1,586,1,C(CCC1CCCCC1)CC1CC2CCCC2C1
C(CCC1CCCC(C2CCC3CCCC3C2)C1)CC1CCCC1,546,1,C(CCC1CCCC(C2CCC3CCCC3C2)C1)CC1CCCC1
C(CC1CC1)CC1CCCC(C2CCCCC2CCC2CCCCC2)C1,563,1,C(CC1CC1)CC1CCCC(C2CCCCC2CCC2CCCCC2)C1
C(CCC1CCCC1)CCC1CCCC(C2CCC3CCCCC3C2)C1,547,1,C(CCC1CCCC1)CCC1CCCC(C2CCC3CCCCC3C2)C1
C(CCC1CCC2C(CC3CCC4CCCC4C3)CCCC2C1)CC1CCCC1,548,1,C(CCC1CCC2C(CC3CCC4CCCC4C3)CCCC2C1)CC1CCCC1
C(CC1CCCCC1)CC1CCC2CC3CCC4CCCC(C43)C2C1,549,1,C(CC1CCCCC1)CC1CCC2CC3CCC4CCCC(C43)C2C1
C(CC1CCCCC1)CC1CCC2CC3CCCC3C2C1,550,1,C(CC1CCCCC1)CC1CCC2CC3CCCC3C2C1
C(CC1CCCCC1)CC1CCC2CCC(C3CCCC3)C2C1,551,1,C(CC1CCCCC1)CC1CCC2CCC(C3CCCC3)C2C1
C(CC1CCCC1)CC1CCC2CCCC2C1,553,1,C(CC1CCCC1)CC1CCC2CCCC2C1
C(CC1CCCCC1)CC1CCC2CC3CCCCC3CC2C1,554,1,C(CC1CCCCC1)CC1CCC2CC3CCCCC3CC2C1
C(CC1CCCC1)CC1CCC2CC3CC4CCCCC4CC3CC2C1,555,1,C(CC1CCCC1)CC1CCC2CC3CC4CCCCC4CC3CC2C1
C(CC1CCCCC1)CC1CCCC(C2CC3CCCCC3C2)C1,556,1,C(CC1CCCCC1)CC1CCCC(C2CC3CCCCC3C2)C1
C(CC1CCCCC1CCC1CCC(C2CCCC2)CC1)C1CCCCC1,558,1,C(CC1CCCCC1CCC1CCC(C2CCCC2)CC1)C1CCCCC1
C(CC1CCCC1C1CCCCC1)C1CCCC1CCC1CCCCC1,559,1,C(CC1CCCC1C1CCCCC1)C1CCCC1CCC1CCCCC1
C(CC1CCC(CCC2CCCCC2)CC1)C1CCC2CCCCC12,561,1,C(CC1CCC(CCC2CCCCC2)CC1)C1CCC2CCCCC12
C(CC1CCCCC1)C1CCC2CC(CC3CCCCC3)CCC12,562,1,C(CC1CCCCC1)C1CCC2CC(CC3CCCCC3)CCC12
C(CC1CCCC2CC(C3CCCC3)CC21)C1CCCCC1,564,1,C(CC1CCCC2CC(C3CCCC3)CC21)C1CCCCC1
C(CC1(C2CCCC2)CCC(CC2CC3CCCCC3C2)CC1)C1CCCCC1,584,1,C(CC1(C2CCCC2)CCC(CC2CC3CCCCC3C2)CC1)C1CCCCC1
C(CC1CC(C2CCCCC2)CC2CCCC21)C1CCCCC1,565,1,C(CC1CC(C2CCCCC2)CC2CCCC21)C1CCCCC1
C(CC1CCCCC1)C1CCCC1C1CC2CCCC2C(CC2CCC(C3CC3)C2)C1,566,1,C(CC1CCCCC1)C1CCCC1C1CC2CCCC2C(CC2CCC(C3CC3)C2)C1
C(CC1CCCCC1)CC1CCCCC1CCC1CCCCC1,569,1,C(CC1CCCCC1)CC1CCCCC1CCC1CCCCC1
C(CC1CCCC1)CC1CCCC1CC1CCCCC1,570,1,C(CC1CCCC1)CC1CCCC1CC1CCCCC1
C(CCC1CCCCC1CC1CCCCC1)CC1CC1,571,1,C(CCC1CCCCC1CC1CCCCC1)CC1CC1
C(CC1CCCCC1CC1CCCCC1)C1CCCCC1,572,1,C(CC1CCCCC1CC1CCCCC1)C1CCCCC1
C(CCC1CCC(CC2CCCC2)CC1)CC1CCCCC1,575,1,C(CCC1CCC(CC2CCCC2)CC1)CC1CCCCC1
C(CC1CCC(C2CCCCC2)CC1)C1CCCCC1,577,1,C(CC1CCC(C2CCCCC2)CC1)C1CCCCC1
C(CCCC1CCC(C2CCCCC2)CC1)CCC1CCCCC1,578,1,C(CCCC1CCC(C2CCCCC2)CC1)CCC1CCCCC1
C(C1CCCCC1)C1CCC(C2CCCCC2)CC1,579,1,C(C1CCCCC1)C1CCC(C2CCCCC2)CC1
C(C1C2CCC(C2)C1C1CCCC1)C1CCCCC1,580,1,C(C1C2CCC(C2)C1C1CCCC1)C1CCCCC1
C(CC1C2CCCC1CCC2)C1CCCCC1,581,1,C(CC1C2CCCC1CCC2)C1CCCCC1
C(C1CC2CCCCC2C1)C1CCC(CC2CCCCC2)CC1,583,1,C(C1CC2CCCCC2C1)C1CCC(CC2CCCCC2)CC1
C(C1CCCCC1)C1CCC2CCC(C3CCCCC3)C3CCCCC3C2C1,452,1,C(C1CCCCC1)C1CCC2CCC(C3CCCCC3)C3CCCCC3C2C1
C(CC1CCC(C2CC(C3CCCCC3)C3CCCCC23)CC1)C1CCCC1,451,1,C(CC1CCC(C2CC(C3CCCCC3)C3CCCCC23)CC1)C1CCCC1
C(C1CCCCC1)C1CCC(C2CC(C3CCCCC3)C3CCCCC23)CC1,450,1,C(C1CCCCC1)C1CCC(C2CC(C3CCCCC3)C3CCCCC23)CC1
C(CCCCC1CC2CCCC3CCCC(C1)C32)CCCC1CC2CCCC3CCCC(C1)C32,321,1,C(CCCCC1CC2CCCC3CCCC(C1)C32)CCCC1CC2CCCC3CCCC(C1)C32
C1CC2CCCC3CC(C4CC5CCC4CC5)CC(C1)C23,306,1,C1CC2CCCC3CC(C4CC5CCC4CC5)CC(C1)C23
C1CC23C(CC4CCC(C5CC6CCCC(C6)CC6C7CCCCC7CC65)CC42)CCC2CCCC1C23,309,1,C1CC23C(CC4CCC(C5CC6CCCC(C6)CC6C7CCCCC7CC65)CC42)CCC2CCCC1C23
C1CCC(C2CCC(C3CCC(C4CCC(C5CCC(C6CCCC6)C5)CC4)CC3)C2)C1,310,1,C1CCC(C2CCC(C3CCC(C4CCC(C5CCC(C6CCCC6)C5)CC4)CC3)C2)C1
C1CCC(C2CCC(C3CCC(C4CCC(C5CCC(C6CCC7(CCCC7)C6)C5)CC4)CC3)C2)C1,311,1,C1CCC(C2CCC(C3CCC(C4CCC(C5CCC(C6CCC7(CCCC7)C6)C5)CC4)CC3)C2)C1
C1CC12CCC(C1CCC(C3CCC4C(CC5CC(C6CCC7CC(C8CC9CCC8C9)CC7C6)CCC54)C3)C1)C2,312,1,C1CC12CCC(C1CCC(C3CCC4C(CC5CC(C6CCC7CC(C8CC9CCC8C9)CC7C6)CCC54)C3)C1)C2
C(CC1C2CCCC(C2)CCC2CCC3CCC3C21)C1CCCCC1,624,1,C(CC1C2CCCC(C2)CCC2CCC3CCC3C21)C1CCCCC1
C(CC1CCCCC1)C1CCCC1C1CCC(C2CCC3C(CCC4CC5C6CC(C7CCCC7)CC6CCC5CC43)C2)C1,314,1,C(CC1CCCCC1)C1CCCC1C1CCC(C2CCC3C(CCC4CC5C6CC(C7CCCC7)CC6CCC5CC43)C2)C1
C1CC23C4CCCCC4C4CC5C6C(CC(C42)C2CCC1C3C2)C1CCCCC1C61CCC2CCC5CC21,315,1,C1CC23C4CCCCC4C4CC5C6C(CC(C42)C2CCC1C3C2)C1CCCCC1C61CCC2CCC5CC21
C1CC2CCC3C4CCC5(CCCC6CCCCC65)CCCC(C5CC6CC7CCCCC7C(C6)C54)C3C2C1,316,1,C1CC2CCC3C4CCC5(CCCC6CCCCC65)CCCC(C5CC6CC7CCCCC7C(C6)C54)C3C2C1
C(CC1CCC2CCCCC2C1)C1CCC(CCC2CCCCC2CCC2CCC3CCCCC3C2)CC1,317,1,C(CC1CCC2CCCCC2C1)C1CCC(CCC2CCCCC2CCC2CCC3CCCCC3C2)CC1
C(CC1CCC(CCC2CCC(CCC3CCC4CCCCC4C3)C2)C1)CC1CCC(CCC2CCC(CCC3CCC4CCCCC4C3)C2)C1,318,1,C(CC1CCC(CCC2CCC(CCC3CCC4CCCCC4C3)C2)C1)CC1CCC(CCC2CCC(CCC3CCC4CCCCC4C3)C2)C1
C(CC1CCCC(CCC2CCCC(CCC3CCCC4CCCCC34)C2)C1)CC1CCCC(CCC2CCCC(CCC3CCCC4CCCCC34)C2)C1,319,1,C(CC1CCCC(CCC2CCCC(CCC3CCCC4CCCCC34)C2)C1)CC1CCCC(CCC2CCCC(CCC3CCCC4CCCCC34)C2)C1
C(CCCC1CC2CCC3CCCCC3C2C1)CCCC1CC2CCC3CCCCC3C2C1,320,1,C(CCCC1CC2CCC3CCCCC3C2C1)CCCC1CC2CCC3CCCCC3C2C1
C(CC1CCC2CC(CC3CCC4C5CCCC5CCC34)CC2C1)CC1CCC2CC(CC3CCC4C5CCCC5CCC34)CC2C1,324,1,C(CC1CCC2CC(CC3CCC4C5CCCC5CCC34)CC2C1)CC1CCC2CC(CC3CCC4C5CCCC5CCC34)CC2C1
C1CCCCCCC2CC2CC(CCC2CCCC2)CCCCC1,303,1,C1CCCCCCC2CC2CC(CCC2CCCC2)CCCCC1
C(CC1CCC(C2CCC(CC3CC3)CC2)CC1)C1CCC(CC2CCC3CCCCC3C2)CC1,329,1,C(CC1CCC(C2CCC(CC3CC3)CC2)CC1)C1CCC(CC2CCC3CCCCC3C2)CC1
C(CC1CCC(C2CCC3CCCC(C4CC4)C3C2)CC1)C1CCC(C2CCCC2)CC1,330,1,C(CC1CCC(C2CCC3CCCC(C4CC4)C3C2)CC1)C1CCC(C2CCCC2)CC1
C(C1CCC2CCC(C3CC4CCCCC4C3)CC12)C1CCC(C2CCCCC2)CC1,331,1,C(C1CCC2CCC(C3CC4CCCCC4C3)CC12)C1CCC(C2CCCCC2)CC1
C(CC1CCC2C(CC3CCC(C4CCCCC4)CC3)CCC2C1)C1CCCCC1,332,1,C(CC1CCC2C(CC3CCC(C4CCCCC4)CC3)CCC2C1)C1CCCCC1
C(CC1CCC2CC3C(CC4CC5CCCCC5CC43)CC2C1)C1CCC(C2CCCCC2)CC1,333,1,C(CC1CCC2CC3C(CC4CC5CCCCC5CC43)CC2C1)C1CCC(C2CCCCC2)CC1
C(C1CCC(C2CCCCC2)CC1)C1CCC2CCCC(C3CCCC3)C2C1,334,1,C(C1CCC(C2CCCCC2)CC1)C1CCC2CCCC(C3CCCC3)C2C1
C(CC1CCC(CC2CCC3CCCC(C4CCCC4)C3C2)CC1)C1CCCCC1,335,1,C(CC1CCC(CC2CCC3CCCC(C4CCCC4)C3C2)CC1)C1CCCCC1
C(CC1CCC2C(CCC2C2CCC3CCCC(C4CCCCC4)C3C2)C1)C1CCC1,336,1,C(CC1CCC2C(CCC2C2CCC3CCCC(C4CCCCC4)C3C2)C1)C1CCC1
C(CC1CCC(C2CCCC3CCCCC32)CC1)CC1CCC(C2CCCC3CCCCC32)CC1,338,1,C(CC1CCC(C2CCCC3CCCCC32)CC1)CC1CCC(C2CCCC3CCCCC32)CC1
C(CC1CCC(C2CCCC3C2CC2CCCCC23)CC1)CC1CCC2CCCC2C1,339,1,C(CC1CCC(C2CCCC3C2CC2CCCCC23)CC1)CC1CCC2CCCC2C1
C(CC(C1CCCCC1)C1CCCCC1)CC1CCC(C2CCC3CCCCC32)CC1,340,1,C(CC(C1CCCCC1)C1CCCCC1)CC1CCC(C2CCC3CCCCC32)CC1
C(CC1CCC(C2CCC3CCCCC32)CC1)C(C1CCCCC1)C1CCCCC1,341,1,C(CC1CCC(C2CCC3CCCCC32)CC1)C(C1CCCCC1)C1CCCCC1
C(CC1CCCC(C2CCCCC2)CC1)C1CCC(C2CCC3CCCCC32)CC1,343,1,C(CC1CCCC(C2CCCCC2)CC1)C1CCC(C2CCC3CCCCC32)CC1
C1CCCCCCC2CC2CC(C2CCC3CCCC3C2)CCCCC1,304,1,C1CCCCCCC2CC2CC(C2CCC3CCCC3C2)CCCCC1
C1CCC2CCCCCCCCCCCCC2C1,302,1,C1CCC2CCCCCCCCCCCCC2C1
C(C1C(C2CCC(CC3CCCCC3)CC2)CC2CCCCC12)C1CCCCC1,449,1,C(C1C(C2CCC(CC3CCCCC3)CC2)CC2CCCCC12)C1CCCCC1
C1CC2(C3CCCCC13)C1CCCCC1CC1CCCCC12,278,1,C1CC2(C3CCCCC13)C1CCCCC1CC1CCCCC12
C(CC1CCC2CCCCC2C1)C1C2CC(C3CCCCC3)CC12,258,1,C(CC1CCC2CCCCC2C1)C1C2CC(C3CCCCC3)CC12
C1CCC2CC(C3CCC4CCCCC4C3)CCC2C1,259,1,C1CCC2CC(C3CCC4CCCCC4C3)CCC2C1
C1CC2CCC(C3CCC(C4CCCCC4)C3)CC2C1,260,1,C1CC2CCC(C3CCC(C4CCCCC4)C3)CC2C1
C1CCC(C2CCCC(C3CCC4CCCCC4C3)C2)CC1,261,1,C1CCC(C2CCCC(C3CCC4CCCCC4C3)C2)CC1
C1CCC(C2CCCC3CCCCC3C2)CC1,265,1,C1CCC(C2CCCC3CCCCC3C2)CC1
C(C1CCC(C2CCC3CCCCC3C2)CC1)C1CCC2CCCCC2C1,267,1,C(C1CCC(C2CCC3CCCCC3C2)CC1)C1CCC2CCCCC2C1
C(CCC1CCC(C2CCC3CCCC3C2)CC1)CC1CCC2CCCCC12,268,1,C(CCC1CCC(C2CCC3CCCC3C2)CC1)CC1CCC2CCCCC12
C1CCC2CC(C3CCCC(C45CC6CC(CC(C6)C4)C5)C3)CCC2C1,269,1,C1CCC2CC(C3CCCC(C45CC6CC(CC(C6)C4)C5)C3)CCC2C1
C(C1CCCCC1)C1CCC2CC3CCCC45C(CC1C24)CCCC35,272,1,C(C1CCCCC1)C1CCC2CC3CCCC45C(CC1C24)CCCC35
C(C1CC1)C1CCC23C4CC5CCCC(CC1C21CCC4CC1)C53,273,1,C(C1CC1)C1CCC23C4CC5CCCC(CC1C21CCC4CC1)C53
C1CC2CC3CCC4CCCC45CCCC5C3CC2C1,274,1,C1CC2CC3CCC4CCCC45CCCC5C3CC2C1
C1C2CCCC3CCCCC4(CCCCC14)C23,275,1,C1C2CCCC3CCCCC4(CCCCC14)C23
C(C1CCC1)C1CCC23CCCCC2C1CC1CCCCC13,277,1,C(C1CCC1)C1CCC23CCCCC2C1CC1CCCCC13
C1C2CC3C(CCC34CCCC4)C3CCC4CCCCC4C123,279,1,C1C2CC3C(CCC34CCCC4)C3CCC4CCCCC4C123
C1CCCCCCCC(C2CCCCC2)CCCCCCC1,301,1,C1CCCCCCCC(C2CCCCC2)CCCCCCC1
C1CCCCCCC1,281,1,C1CCCCCCC1
C(C1CCCCCCCCCCCCCCCCCCCCCCCCCCCCCCCC2CCCC(C1)C2)C1CCCCC1,284,1,C(C1CCCCCCCCCCCCCCCCCCCCCCCCCCCCCCCC2CCCC(C1)C2)C1CCCCC1
C(C1CCCCC1)C1CCCCCCCCCCCCCCCCCCCCCC1,285,1,C(C1CCCCC1)C1CCCCCCCCCCCCCCCCCCCCCC1
C(C1CCCCC1)C1CCCCCCCCCCCCCC1,286,1,C(C1CCCCC1)C1CCCCCCCCCCCCCC1
C(C1CCC(CC2CCCCCCCCCCCCC2)CC1)C1CCCCCCCCCCCCC1,287,1,C(C1CCC(CC2CCCCCCCCCCCCC2)CC1)C1CCCCCCCCCCCCC1
C(C1CCCCCCCCC(CC2CCCCC2)CCC(CC2CCCCC2)CCCCCCC1)C1CCCC1,289,1,C(C1CCCCCCCCC(CC2CCCCC2)CCC(CC2CCCCC2)CCCCCCC1)C1CCCC1
C(CC1CCC(CCC2CCCCC2)CC1)C1CCCCCCCCC(CC2CCCCC2)CCCCCCCC1,290,1,C(CC1CCC(CCC2CCCCC2)CC1)C1CCCCCCCCC(CC2CCCCC2)CCCCCCCC1
C(CCCCCC1CCCC1)CCCCCC1CCCCCCCCCCCCC(CC2CCCC2)CCC(CC2CCCCC2)CCCCCCCC1,291,1,C(CCCCCC1CCCC1)CCCCCC1CCCCCCCCCCCCC(CC2CCCC2)CCC(CC2CCCCC2)CCCCCCCC1
C(CCC1CCCC1)CCC1CCCCCCCCCCCCCCC2CCCC2CCC(CC2CCCCC2)CCC1,292,1,C(CCC1CCCC1)CCC1CCCCCCCCCCCCCCC2CCCC2CCC(CC2CCCCC2)CCC1
C1C2CC3C1CCC1CC(CCCCCCCCCCCCCCCCC2)C2CC4(CC2C31)CCCCC4,294,1,C1C2CC3C1CCC1CC(CCCCCCCCCCCCCCCCC2)C2CC4(CC2C31)CCCCC4
C(C1CCC2CCCCC12)C1CCCCCCCCCCCCCCCCCCCC2CCCC2C1,295,1,C(C1CCC2CCCCC12)C1CCCCCCCCCCCCCCCCCCCC2CCCC2C1
C(CC1CCCCC1)C1CCCCCCCCCCCC2CCCC(CCC3CCCCC3CC1)C2,297,1,C(CC1CCCCC1)C1CCCCCCCCCCCC2CCCC(CCC3CCCCC3CC1)C2
C1CC2CCCCCCCCCCCCCCCCCC3CCC(C3)CC2C1,299,1,C1CC2CCCCCCCCCCCCCCCCCC3CCC(C3)CC2C1
C(CC1CCC2CCCCC12)CC1CCC(C2CCC3CCCCC32)CC1,344,1,C(CC1CCC2CCCCC12)CC1CCC(C2CCC3CCCCC32)CC1
C(C1CC2C3CCC(C3)C2C1)C1CCCCC1CC1CCC(C2CCC3CCCCC32)CC1,345,1,C(C1CC2C3CCC(C3)C2C1)C1CCCCC1CC1CCC(C2CCC3CCCCC32)CC1
C(C1CCCCC1)C1CCC(C2CCC(C3CCC4CCCCC43)CC2)CC1,346,1,C(C1CCCCC1)C1CCC(C2CCC(C3CCC4CCCCC43)CC2)CC1
C(C1CCCCC1)C1CCC(CC2CCCCC2)C2CCCCC12,426,1,C(C1CCCCC1)C1CCC(CC2CCCCC2)C2CCCCC12
C(CCC1CCCCC1)CC1CC1,403,1,C(CCC1CCCCC1)CC1CC1
C(CCCC(CCC(CCCCCC(CCC(CCC1CCCC1)CC1CCCC1)CC1CCC2CCCCC12)CC1CCCCC1)CC1CCC2CCCCC12)CCCC1CCCC1,410,1,C(CCCC(CCC(CCCCCC(CCC(CCC1CCCC1)CC1CCCC1)CC1CCC2CCCCC12)CC1CCCCC1)CC1CCC2CCCCC12)CCCC1CCCC1
C(CCCCCCC(CCC(CCCCCC(CCCCCCCC1CCCC1)CC1CCC2CCCCC12)CC1CCCCC1)CC1CCCC1)CCCCCCC1CCCCC1,411,1,C(CCCCCCC(CCC(CCCCCC(CCCCCCCC1CCCC1)CC1CCC2CCCCC12)CC1CCCCC1)CC1CCCC1)CCCCCCC1CCCCC1
C(CCCCCC1CCCC1)CCCCC(CCCCCC(CCC(CCCCC1CCC2CCCCC2C1)CC1CCCCC1)CC1CCCCC1)CC1CCCCC1,412,1,C(CCCCCC1CCCC1)CCCCC(CCCCCC(CCC(CCCCC1CCC2CCCCC2C1)CC1CCCCC1)CC1CCCCC1)CC1CCCCC1
C(CCC1CCCCC1)CC(CCC(CCCC1CCCCC1)CC1CCCCC1)CC1CCCCC1,413,1,C(CCC1CCCCC1)CC(CCC(CCCC1CCCCC1)CC1CCCCC1)CC1CCCCC1
C(CCCC(CCC(CCCCC1CCCC1)CC1CCCCC1)CC1CCCCC1)CCCC1CCCC1,414,1,C(CCCC(CCC(CCCCC1CCCC1)CC1CCCCC1)CC1CCCCC1)CCCC1CCCC1
C(CCC1CCCC1)CC(CCC(CCC(CCCCC1CCCC1)CC1CCCCC1)CC1CCCCC1)CCC1CCCCC1,415,1,C(CCC1CCCC1)CC(CCC(CCC(CCCCC1CCCC1)CC1CCCCC1)CC1CCCCC1)CCC1CCCCC1
C(CCC(CCCC1CCCCC1)CCC1CCCCC1)CCC(CCCCC1CC1)CC1CCCCC1,416,1,C(CCC(CCCC1CCCCC1)CCC1CCCCC1)CCC(CCCCC1CC1)CC1CCCCC1
C(CC1C2CCC1CC(C1CCCC1)C2)C(CCC1CCCCC1)C1CCCCC1,419,1,C(CC1C2CCC1CC(C1CCCC1)C2)C(CCC1CCCCC1)C1CCCCC1
C(CCCC1C(CCCCC(CCC2CCCCC2)C2CCCCC2)CC2CCCC21)CCC1CC1,420,1,C(CCCC1C(CCCCC(CCC2CCCCC2)C2CCCCC2)CC2CCCC21)CCC1CC1
C(CC1CC(C2CCCCC2)CCC1CC1CCCCC1)C1CCCCC1,423,1,C(CC1CC(C2CCCCC2)CCC1CC1CCCCC1)C1CCCCC1
C(CC1CCCCC1)CC1CCC(C2CCCC2)CC1CCC1CCCCC1,424,1,C(CC1CCCCC1)CC1CCC(C2CCCC2)CC1CCC1CCCCC1
C(CC1CCC(CC2CCCCC2)C2CCCC21)C1CCCCC1,425,1,C(CC1CCC(CC2CCCCC2)C2CCCC21)C1CCCCC1
C(C1CCC2CCCC(CC3CCCCC3)C12)C1CCCCC1,427,1,C(C1CCC2CCCC(CC3CCCCC3)C12)C1CCCCC1
C(C1CCCCC1)C1CCC(C2CC(C3CCCC3C3CCC4CCCCC43)C3CCCCC23)CC1,347,1,C(C1CCCCC1)C1CCC(C2CC(C3CCCC3C3CCC4CCCCC43)C3CCCCC23)CC1
C(C1CCCC1)C1CC(CC2CCCCC2)C(CC2CCCC2)CC2CCCCC21,429,1,C(C1CCCC1)C1CC(CC2CCCCC2)C(CC2CCCC2)CC2CCCCC21
C(C1CCCCC1)C1CCCC2C1CC(C1CC1)CC2C1CCCCC1,430,1,C(C1CCCCC1)C1CCCC2C1CC(C1CC1)CC2C1CCCCC1
C(C1CC(C2CCCCC2)C2CCCCC12)C1CCCCC1,431,1,C(C1CC(C2CCCCC2)C2CCCCC12)C1CCCCC1
C(C1CCCCC1)C1CCC2C(C1)CC1CCCCC1C2C1CCCCC1,432,1,C(C1CCCCC1)C1CCC2C(C1)CC1CCCCC1C2C1CCCCC1
C(CC1CC(C2CCCCC2)C(C2CCCCC2)C1)CC1CCCCC1,433,1,C(CC1CC(C2CCCCC2)C(C2CCCCC2)C1)CC1CCCCC1
C(CC1CCCCC1)C1CC(C2CCCCC2)C(C2CCCCC2)C1,434,1,C(CC1CCCCC1)C1CC(C2CCCCC2)C(C2CCCCC2)C1
C(CC1CC(C2CCCCC2)C1C1CCCCC1)CC1CCCCC1,436,1,C(CC1CC(C2CCCCC2)C1C1CCCCC1)CC1CCCCC1
C(CC1CCCCC1)CC1CC(C2CCCC2)CC(C2CCCCC2)C1,437,1,C(CC1CCCCC1)CC1CC(C2CCCC2)CC(C2CCCCC2)C1
C(CC1CCCC(C2CCC(C3CCCCC3)C2)C1)C1CCCCC1,439,1,C(CC1CCCC(C2CCC(C3CCCCC3)C2)C1)C1CCCCC1
C(CC1CCCCC1)C1CCC(C2CCCCC2)C1C1CCCCC1,441,1,C(CC1CCCCC1)C1CCC(C2CCCCC2)C1C1CCCCC1
C(CC1C2CCCCC2CCC2CCCCC21)C1CCCCC1,445,1,C(CC1C2CCCCC2CCC2CCCCC21)C1CCCCC1
C(CC1CCCCC1)C1C(C2CCCCC2)CC2CCCCC12,446,1,C(CC1CCCCC1)C1C(C2CCCCC2)CC2CCCCC12
C(CC1C(CC2CCCCC2)CCC2CCCCC21)C1CCCCC1,447,1,C(CC1C(CC2CCCCC2)CCC2CCCCC21)C1CCCCC1
C(CC1CCC2CCC2C1)C1CCCC1,395,1,C(CC1CCC2CCC2C1)C1CCCC1
C(CC1CC2CC(CCC3CCCC3)CCC12)C1CCC1,391,1,C(CC1CC2CC(CCC3CCCC3)CCC12)C1CCC1
C(CCC1CCC2CC21)CC1CCC1,389,1,C(CCC1CCC2CC21)CC1CCC1
C(CCC1CCCCC1)CC1CC2CCC1C2,388,1,C(CCC1CCCCC1)CC1CC2CCC1C2
C(C1CCC2(CCCC2)C1)C1CCC(C2CCCCC2C2CCCC2)CC1,349,1,C(C1CCC2(CCCC2)C1)C1CCC(C2CCCCC2C2CCCC2)CC1
C(CC1CCCC1)CC1CCCC2CCC(CC3CCC(C4CCCCC4C4CCCC4)CC3)C21,351,1,C(CC1CCCC1)CC1CCCC2CCC(CC3CCC(C4CCCCC4C4CCCC4)CC3)C21
C(CC1CCCCC1)C1CCCCC2CCCC2CCC(CC2CCCCC2)CC2CC(CCC3CC4CCC3CC4)CCC2CCC(C2CCCCC2)CCC1,354,1,C(CC1CCCCC1)C1CCCCC2CCCC2CCC(CC2CCCCC2)CC2CC(CCC3CC4CCC3CC4)CCC2CCC(C2CCCCC2)CCC1
C1CCCCC(CCC2CCCC3CC4CCCC(CCC5CCCCCCCCCC6CCCC6CCCC5)C4CC23)CCCCC2CCCC2CCCC1,355,1,C1CCCCC(CCC2CCCC3CC4CCCC(CCC5CCCCCCCCCC6CCCC6CCCC5)C4CC23)CCCCC2CCCC2CCCC1
C(CC1CCCCC1)C1CCCCC2CCCC2CCCCCCCCCCC2CCCC2CC1,356,1,C(CC1CCCCC1)C1CCCCC2CCCC2CCCCCCCCCCC2CCCC2CC1
C(CCC1CCCCC1)CC1CCCCCCCCCCCCCC(CC2CCC3CCCCC23)CCC(CC2CCCCC2)CC1,357,1,C(CCC1CCCCC1)CC1CCCCCCCCCCCCCC(CC2CCC3CCCCC23)CCC(CC2CCCCC2)CC1
C(CCC1CC2CCCCC2C1)CC1CCCCCCCCC(CC2CCC3CCCCC23)CCC(CC2CCCCC2)CCC(CCCCC2CCCCC2)CCCC1,358,1,C(CCC1CC2CCCCC2C1)CC1CCCCCCCCC(CC2CCC3CCCCC23)CCC(CC2CCCCC2)CCC(CCCCC2CCCCC2)CCCC1
C(CC1CCC(CC2CCCCCC(CC3CCC4CCCCC34)CCC(C3CCCCC3)CCC3CCCC3CC(CC3CCCCC3)CC2)CC1)C1CCCCC1,359,1,C(CC1CCC(CC2CCCCCC(CC3CCC4CCCCC34)CCC(C3CCCCC3)CCC3CCCC3CC(CC3CCCCC3)CC2)CC1)C1CCCCC1
C(CCC1CCC2CCCCCCC(CC3CCCCC3)CCCCCC12)CC1CCC(C2CCCCC2)C1,360,1,C(CCC1CCC2CCCCCCC(CC3CCCCC3)CCCCCC12)CC1CCC(C2CCCCC2)C1
C(C1CCCC1)C1C(C2CC3CCCCC3C2CC2CCCC2)CC2CCCCC12,361,1,C(C1CCCC1)C1C(C2CC3CCCCC3C2CC2CCCC2)CC2CCCCC12
C(C1CCCC1)C1CC(CC2CCCC2)CC(CC2C3CCCCC3CC3CCCCC23)C1,362,1,C(C1CCCC1)C1CC(CC2CCCC2)CC(CC2C3CCCCC3CC3CCCCC23)C1
C(CCCCCCC1CCC2CCCCC2C1C1CCCCC1)CCCCCC1CCC2CCCCC2C1CC1CCCCC1,364,1,C(CCCCCCC1CCC2CCCCC2C1C1CCCCC1)CCCCCC1CCC2CCCCC2C1CC1CCCCC1
C(CCC(CCCCC1CC2CCCCC2CC1CC1CCC2CCCCC12)CC1CCCC1)CCC1CCCC1CC1CCCC1,365,1,C(CCC(CCCCC1CC2CCCCC2CC1CC1CCC2CCCCC12)CC1CCCC1)CCC1CCCC1CC1CCCC1
C(CC1CC1)CC12CC1CCCCCCCCC1CC(CC3CC(C4CCCC4)CC4CCCCC34)CC1CC2,367,1,C(CC1CC1)CC12CC1CCCCCCCCC1CC(CC3CC(C4CCCC4)CC4CCCCC34)CC1CC2
C(CC1CC1)CC12CC1CCCCCCCC(CCC1CCCCC1)CC1CC(CC3CC4CCCCC4C4CCCCC34)CC1CC2,368,1,C(CC1CC1)CC12CC1CCCCCCCC(CCC1CCCCC1)CC1CC(CC3CC4CCCCC4C4CCCCC34)CC1CC2
C(CCC1CCC(CCC2CCCCC2C2CCCCC2)CC1)CC1C2CCCCC2C2CCCCC12,369,1,C(CCC1CCC(CCC2CCCCC2C2CCCCC2)CC1)CC1C2CCCCC2C2CCCCC12
C(CC1CCCCC1C1CCCCC1)C1CCC(CC2CCC3CCCC3C3CCCCC32)CC1,370,1,C(CC1CCCCC1C1CCCCC1)C1CCC(CC2CCC3CCCC3C3CCCCC32)CC1
C(CC1CCCCC1C1CCCCC1)C1CCC(C2CCCCC2)(C2CCCCC2)CC1,371,1,C(CC1CCCCC1C1CCCCC1)C1CCC(C2CCCCC2)(C2CCCCC2)CC1
C(CCCCCC1CCCC(CC2CCCCC2)C1)CCCCC1CCCC1,374,1,C(CCCCCC1CCCC(CC2CCCCC2)C1)CCCCC1CCCC1
C(CCCC1CCCCC1)CCC1CCC2(CCCC2)C1,375,1,C(CCCC1CCCCC1)CCC1CCC2(CCCC2)C1
C(CCC1CCC(CC2CCCCC2)C1)CCC1CCCCC1,376,1,C(CCC1CCC(CC2CCCCC2)C1)CCC1CCCCC1
C(CCC1CCC(CC2CCC3CCCCC23)C1)CCC1CCCCC1,377,1,C(CCC1CCC(CC2CCC3CCCCC23)C1)CCC1CCCCC1
C(CCC1CCCCC1)CC1CCC2CCCCC12,380,1,C(CCC1CCCCC1)CC1CCC2CCCCC12
C(CC1CCCCC1)CC1CCCC2CCCCC12,382,1,C(CC1CCCCC1)CC1CCCC2CCCCC12
C(CCCC1CCCCC1C1CCCCC1)CCC1CCCCC1,384,1,C(CCCC1CCCCC1C1CCCCC1)CCC1CCCCC1
C(CCCCCCC1CCCCC1)CCCCCC1CCC2CCCCC12,385,1,C(CCCCCCC1CCCCC1)CCCCCC1CCC2CCCCC12
C(CCCCC1CCCC2CC3CCCCC3C21)CCCC1CCCCC1,386,1,C(CCCCC1CCCC2CC3CCCCC3C21)CCCC1CCCCC1
CCCCCCCCCCCCCCCCCCCC(C)C,1,1,CCCCCCCCCCCCCCCCCCCC(C)C
